J,h,J_over_h,training_run,epoch,requested_depth,actual_depth,leaf_count,frozen_energy,frozen_variance,frozen_target_mean,frozen_target_rms,participation_ratio,participation_fraction,probability_r2,hilbert_r2,probability_corr,hilbert_corr,residual_rms,relative_residual_rms
0.05,1.0,0.05,1,1,1,1,2,-12.000000000000002,0.029999999999999888,-1.779826286352204e-15,0.1732050807568874,4096.0,1.0,5.4511950509095186e-14,5.4511950509095186e-14,NaN,NaN,0.1732050807568874,1.0
0.05,1.0,0.05,1,1,2,2,4,-12.000000000000002,0.029999999999999888,-1.779826286352204e-15,0.1732050807568874,4096.0,1.0,0.08333333333341386,0.08333333333341386,0.2886751345948129,0.28867513459481486,0.16583123951776968,0.9574271077563381
0.05,1.0,0.05,1,1,3,3,8,-12.000000000000002,0.029999999999999888,-1.779826286352204e-15,0.1732050807568874,4096.0,1.0,0.1666666666666896,0.1666666666666896,0.408248290463863,0.4082482904638648,0.15811388300841867,0.9128709291752769
0.05,1.0,0.05,1,1,4,4,16,-12.000000000000002,0.029999999999999888,-1.779826286352204e-15,0.1732050807568874,4096.0,1.0,0.2500000000000684,0.2500000000000684,0.49999999999999994,0.5000000000000007,0.14999999999999974,0.8660254037844388
0.05,1.0,0.05,1,1,5,5,32,-12.000000000000002,0.029999999999999888,-1.779826286352204e-15,0.1732050807568874,4096.0,1.0,0.333333333333359,0.333333333333359,0.5773502691896257,0.5773502691896278,0.1414213562373092,0.8164965809277258
0.05,1.0,0.05,1,1,6,6,64,-12.000000000000002,0.029999999999999888,-1.779826286352204e-15,0.1732050807568874,4096.0,1.0,0.41666666666671126,0.41666666666671126,0.6454972243679027,0.6454972243679032,0.1322875655532293,0.7637626158259734
0.05,1.0,0.05,1,1,8,8,256,-12.000000000000002,0.029999999999999888,-1.779826286352204e-15,0.1732050807568874,4096.0,1.0,0.5833333333333544,0.5833333333333544,0.7637626158259737,0.763762615825972,0.11180339887498926,0.6454972243679028
0.05,1.0,0.05,1,1,10,10,1024,-12.000000000000002,0.029999999999999888,-1.779826286352204e-15,0.1732050807568874,4096.0,1.0,0.7499999999999962,0.7499999999999962,0.8660254037844392,0.8660254037844363,0.08660254037844371,0.5000000000000001
0.05,1.0,0.05,1,1,12,12,3074,-12.000000000000002,0.029999999999999888,-1.779826286352204e-15,0.1732050807568874,4096.0,1.0,1.0,1.0,0.9999999999999999,1.0,4.239462274380393e-15,2.4476546853327878e-14
0.05,1.0,0.05,1,4,1,1,2,-12.002013232537145,0.022205660578450283,2.8935187579293142e-15,0.14901563870429937,4094.0909192519907,0.9995339158330055,0.0003983986366336012,0.0002475894730038508,0.019959925767230307,0.018815073878981067,0.14898595193356415,0.999800780837546
0.05,1.0,0.05,1,4,2,2,4,-12.002013232537145,0.022205660578450283,2.8935187579293142e-15,0.14901563870429937,4094.0909192519907,0.9995339158330055,0.09578928090194716,0.09567064808741488,0.30949843440952907,0.3094576294802528,0.14169896372129107,0.9508999522021496
0.05,1.0,0.05,1,4,3,3,8,-12.002013232537145,0.022205660578450283,2.8935187579293142e-15,0.14901563870429937,4094.0909192519907,0.9995339158330055,0.20007174818919182,0.1998428110180943,0.44729380522112555,0.4471317907637356,0.1332776622199829,0.8943870816435162
0.05,1.0,0.05,1,4,4,4,16,-12.002013232537145,0.022205660578450283,2.8935187579293142e-15,0.14901563870429937,4094.0909192519907,0.9995339158330055,0.3098581947396454,0.30947620480873883,0.5566490768335532,0.5563780857932169,0.12379440487602957,0.8307477386429366
0.05,1.0,0.05,1,4,5,5,32,-12.002013232537145,0.022205660578450283,2.8935187579293142e-15,0.14901563870429937,4094.0909192519907,0.9995339158330055,0.41745952415219645,0.4169405988030913,0.6461110772554485,0.6457684244395027,0.11373520158633933,0.7632433922726116
0.05,1.0,0.05,1,4,6,6,64,-12.002013232537145,0.022205660578450283,2.8935187579293142e-15,0.14901563870429937,4094.0909192519907,0.9995339158330055,0.5187254693548244,0.5181491810481547,0.7202259849205848,0.7198740339661303,0.10337803863761244,0.6937395265120573
0.05,1.0,0.05,1,4,8,8,256,-12.002013232537145,0.022205660578450283,2.8935187579293142e-15,0.14901563870429937,4094.0909192519907,0.9995339158330055,0.6952776109069996,0.6948279841602713,0.833833083360812,0.8335903019576067,0.08225911464909919,0.5520166565358342
0.05,1.0,0.05,1,4,10,10,1024,-12.002013232537145,0.022205660578450283,2.8935187579293142e-15,0.14901563870429937,4094.0909192519907,0.9995339158330055,0.8444531787727081,0.8441329008601237,0.9189413358711794,0.9187768950350075,0.058770910459428276,0.3943942459358303
0.05,1.0,0.05,1,4,12,12,4096,-12.002013232537145,0.022205660578450283,2.8935187579293142e-15,0.14901563870429937,4094.0909192519907,0.9995339158330055,1.0,1.0,1.0,0.9999999999999998,1.2494476562032666e-13,8.384674703053283e-13
0.05,1.0,0.05,1,8,1,1,2,-12.003612709397338,0.0159859642416793,1.6583956430338276e-15,0.1264356130276565,4090.929945127456,0.9987621936346328,0.0016398576654185204,0.0013403589536998828,0.040495156073470366,0.041111340448963134,0.12633190228789612,0.9991797347497522
0.05,1.0,0.05,1,8,2,2,4,-12.003612709397338,0.0159859642416793,1.6583956430338276e-15,0.1264356130276565,4090.929945127456,0.9987621936346328,0.12965141839278282,0.12920126810166088,0.36007140735245835,0.35988802368981615,0.11795491216295027,0.9329247459507224
0.05,1.0,0.05,1,8,3,3,8,-12.003612709397338,0.0159859642416793,1.6583956430338276e-15,0.1264356130276565,4090.929945127456,0.9987621936346328,0.2675346264616283,0.2668250110901008,0.5172374952201599,0.5168415969599429,0.10820889644411281,0.8558419091972388
0.05,1.0,0.05,1,8,4,4,16,-12.003612709397338,0.0159859642416793,1.6583956430338276e-15,0.1264356130276565,4090.929945127456,0.9987621936346328,0.3847938053779195,0.3841565070154682,0.6203175036849422,0.6200158948396731,0.09916987560992598,0.7843508109399018
0.05,1.0,0.05,1,8,5,5,32,-12.003612709397338,0.0159859642416793,1.6583956430338276e-15,0.1264356130276565,4090.929945127456,0.9987621936346328,0.5027576063511983,0.5024350048961224,0.709054022166997,0.7089819253618324,0.08915659888262224,0.7051541630372777
0.05,1.0,0.05,1,8,6,6,64,-12.003612709397338,0.0159859642416793,1.6583956430338276e-15,0.1264356130276565,4090.929945127456,0.9987621936346328,0.5841937026494526,0.583852768966219,0.7643256522251837,0.76421072051512,0.08152953207832683,0.644830440775362
0.05,1.0,0.05,1,8,8,8,256,-12.003612709397338,0.0159859642416793,1.6583956430338276e-15,0.1264356130276565,4090.929945127456,0.9987621936346328,0.7333900316270159,0.7330197501313164,0.8563819426091464,0.8562092931622526,0.06528412839952591,0.5163428786891371
0.05,1.0,0.05,1,8,10,10,1024,-12.003612709397338,0.0159859642416793,1.6583956430338276e-15,0.1264356130276565,4090.929945127456,0.9987621936346328,0.8664555902719032,0.8662591663256315,0.9308359631384591,0.9307424416317599,0.046204287231701016,0.36543728562928157
0.05,1.0,0.05,1,8,12,12,4096,-12.003612709397338,0.0159859642416793,1.6583956430338276e-15,0.1264356130276565,4090.929945127456,0.9987621936346328,1.0,1.0,1.0,1.0,1.8989491216754342e-14,1.5019100047864352e-13
0.05,1.0,0.05,1,16,1,1,2,-12.005798590303934,0.007370081759935814,-5.811323644522304e-16,0.08584918031021505,4084.5939563571396,0.9972153213762548,0.0024251060261796242,0.0012298612323474734,0.04924536553002071,0.0492382201436236,0.08574502043994342,0.99878671095175
0.05,1.0,0.05,1,16,2,2,4,-12.005798590303934,0.007370081759935814,-5.811323644522304e-16,0.08584918031021505,4084.5939563571396,0.9972153213762548,0.08237620037203763,0.08177884302562655,0.287012543928028,0.28763944853423534,0.08223723261468029,0.9579268237334005
0.05,1.0,0.05,1,16,3,3,8,-12.005798590303934,0.007370081759935814,-5.811323644522304e-16,0.08584918031021505,4084.5939563571396,0.9972153213762548,0.18251534077083398,0.18175342954962503,0.4272181419027497,0.42719436080999684,0.07762041468590715,0.9041485824957985
0.05,1.0,0.05,1,16,4,4,16,-12.005798590303934,0.007370081759935814,-5.811323644522304e-16,0.08584918031021505,4084.5939563571396,0.9972153213762548,0.2613129128052806,0.2609251409664499,0.5111877471196675,0.5113572010174541,0.07378471540660649,0.8594690728552823
0.05,1.0,0.05,1,16,5,5,32,-12.005798590303934,0.007370081759935814,-5.811323644522304e-16,0.08584918031021505,4084.5939563571396,0.9972153213762548,0.3349312519291203,0.33468752201851204,0.5787324528045076,0.5788936389882334,0.070011506548999,0.8155174725724021
0.05,1.0,0.05,1,16,6,6,64,-12.005798590303934,0.007370081759935814,-5.811323644522304e-16,0.08584918031021505,4084.5939563571396,0.9972153213762548,0.4137648629576499,0.41375980858057826,0.6432455697147498,0.6434740826219253,0.06573127787095936,0.7656599356387578
0.05,1.0,0.05,1,16,8,8,256,-12.005798590303934,0.007370081759935814,-5.811323644522304e-16,0.08584918031021505,4084.5939563571396,0.9972153213762548,0.6073249222777846,0.6071111476191416,0.7793105429017273,0.7792628299303683,0.05379635143670876,0.6266379159628112
0.05,1.0,0.05,1,16,10,10,1024,-12.005798590303934,0.007370081759935814,-5.811323644522304e-16,0.08584918031021505,4084.5939563571396,0.9972153213762548,0.8210900502702279,0.8213989863253569,0.9061401934966953,0.906330232101987,0.03631227006363587,0.42297748135068836
0.05,1.0,0.05,1,16,12,12,4096,-12.005798590303934,0.007370081759935814,-5.811323644522304e-16,0.08584918031021505,4084.5939563571396,0.9972153213762548,1.0,1.0,1.0000000000000002,1.0,5.27832576351391e-15,6.148370601141139e-14
0.05,1.0,0.05,1,32,1,1,2,-12.007080611336908,0.002112958289334064,-8.803721640582296e-16,0.04596692603746811,4074.1778909801237,0.9946723366650693,0.0017826989457420117,0.00023943936083303807,0.042222019678587,0.0400237887186946,0.04592593516542997,0.9991082529207037
0.05,1.0,0.05,1,32,2,2,4,-12.007080611336908,0.002112958289334064,-8.803721640582296e-16,0.04596692603746811,4074.1778909801237,0.9946723366650693,0.061453483692680555,0.0602450718202826,0.24789813168452773,0.24755491702341131,0.04453211921250953,0.9687861045180821
0.05,1.0,0.05,1,32,3,3,8,-12.007080611336908,0.002112958289334064,-8.803721640582296e-16,0.04596692603746811,4074.1778909801237,0.9946723366650693,0.12772791619905688,0.12922653845508902,0.3573904254440218,0.36053580310616273,0.04293104389625176,0.9339550759008386
0.05,1.0,0.05,1,32,4,4,16,-12.007080611336908,0.002112958289334064,-8.803721640582296e-16,0.04596692603746811,4074.1778909801237,0.9946723366650693,0.21063543906305993,0.21263188530190436,0.45895036666622313,0.4616841534937375,0.04083986278549733,0.8884619074203122
0.05,1.0,0.05,1,32,5,5,32,-12.007080611336908,0.002112958289334064,-8.803721640582296e-16,0.04596692603746811,4074.1778909801237,0.9946723366650693,0.28640421044090614,0.28887516899161636,0.5351674601850402,0.5378416892503994,0.03883037649550635,0.8447459911470981
0.05,1.0,0.05,1,32,6,6,64,-12.007080611336908,0.002112958289334064,-8.803721640582296e-16,0.04596692603746811,4074.1778909801237,0.9946723366650693,0.41665874993502716,0.42044779770654417,0.6454910920648149,0.6486014354183535,0.03510805790463606,0.7637677985258167
0.05,1.0,0.05,1,32,8,8,256,-12.007080611336908,0.002112958289334064,-8.803721640582296e-16,0.04596692603746811,4074.1778909801237,0.9946723366650693,0.6188223034358746,0.6207522917929293,0.7866525938658537,0.7879328557075231,0.028379791642371702,0.617395899374238
0.05,1.0,0.05,1,32,10,10,1024,-12.007080611336908,0.002112958289334064,-8.803721640582296e-16,0.04596692603746811,4074.1778909801237,0.9946723366650693,0.8244309200702247,0.8253411886288838,0.9079817839969173,0.9084911331554921,0.019260585214067975,0.41900964181003697
0.05,1.0,0.05,1,32,12,12,4096,-12.007080611336908,0.002112958289334064,-8.803721640582296e-16,0.04596692603746811,4074.1778909801237,0.9946723366650693,1.0,1.0,1.0,1.0,6.536813915746228e-15,1.4220689698541085e-13
0.05,1.0,0.05,1,64,1,1,2,-12.007374007789611,0.0008298121594521145,1.2931279311234611e-15,0.0288064603770077,4067.0413874198457,0.9929300262255483,0.0005822810390951894,0.0004816273834490348,0.024130500183272872,0.02356990608559563,0.02879807242795349,0.999708817086708
0.05,1.0,0.05,1,64,2,2,4,-12.007374007789611,0.0008298121594521145,1.2931279311234611e-15,0.0288064603770077,4067.0413874198457,0.9929300262255483,0.010690375149017606,0.009589566226012147,0.1033942703877453,0.09825066438359936,0.02865207071337703,0.994640450037593
0.05,1.0,0.05,1,64,3,3,8,-12.007374007789611,0.0008298121594521145,1.2931279311234611e-15,0.0288064603770077,4067.0413874198457,0.9929300262255483,0.025873060412095805,0.024997542865618727,0.1608510503916444,0.1582202188200629,0.028431362600479047,0.9869786925703637
0.05,1.0,0.05,1,64,4,4,16,-12.007374007789611,0.0008298121594521145,1.2931279311234611e-15,0.0288064603770077,4067.0413874198457,0.9929300262255483,0.08102001396982617,0.08054668106143337,0.2846401482044064,0.28386675575065606,0.02761486495894869,0.958634438162
0.05,1.0,0.05,1,64,5,5,32,-12.007374007789611,0.0008298121594521145,1.2931279311234611e-15,0.0288064603770077,4067.0413874198457,0.9929300262255483,0.13334191313782984,0.1337516769089272,0.3651601198622703,0.36577521862553936,0.02681722242451178,0.9309447281456469
0.05,1.0,0.05,1,64,6,6,64,-12.007374007789611,0.0008298121594521145,1.2931279311234611e-15,0.0288064603770077,4067.0413874198457,0.9929300262255483,0.21811431794803515,0.2178902511322114,0.46702710622407495,0.4668073915960261,0.02547191092690597,0.884242999436222
0.05,1.0,0.05,1,64,8,8,256,-12.007374007789611,0.0008298121594521145,1.2931279311234611e-15,0.0288064603770077,4067.0413874198457,0.9929300262255483,0.450655222834935,0.4495406240980716,0.6713085898712562,0.6704810490886259,0.021350713707580918,0.741177965919836
0.05,1.0,0.05,1,64,10,10,1024,-12.007374007789611,0.0008298121594521145,1.2931279311234611e-15,0.0288064603770077,4067.0413874198457,0.9929300262255483,0.7540610470715476,0.7533140719392251,0.8683668850615779,0.8679370916086395,0.014285766819563837,0.4959223254991173
0.05,1.0,0.05,1,64,12,12,4096,-12.007374007789611,0.0008298121594521145,1.2931279311234611e-15,0.0288064603770077,4067.0413874198457,0.9929300262255483,1.0,1.0,0.9999999999999999,0.9999999999999999,1.6071624835240557e-15,5.579173777305997e-14
0.05,1.0,0.05,2,1,1,1,2,-12.000000000000002,0.029999999999999888,-1.779826286352204e-15,0.1732050807568874,4096.0,1.0,5.4511950509095186e-14,5.4511950509095186e-14,NaN,NaN,0.1732050807568874,1.0
0.05,1.0,0.05,2,1,2,2,4,-12.000000000000002,0.029999999999999888,-1.779826286352204e-15,0.1732050807568874,4096.0,1.0,0.08333333333341386,0.08333333333341386,0.2886751345948129,0.28867513459481486,0.16583123951776968,0.9574271077563381
0.05,1.0,0.05,2,1,3,3,8,-12.000000000000002,0.029999999999999888,-1.779826286352204e-15,0.1732050807568874,4096.0,1.0,0.1666666666666896,0.1666666666666896,0.408248290463863,0.4082482904638648,0.15811388300841867,0.9128709291752769
0.05,1.0,0.05,2,1,4,4,16,-12.000000000000002,0.029999999999999888,-1.779826286352204e-15,0.1732050807568874,4096.0,1.0,0.2500000000000684,0.2500000000000684,0.49999999999999994,0.5000000000000007,0.14999999999999974,0.8660254037844388
0.05,1.0,0.05,2,1,5,5,32,-12.000000000000002,0.029999999999999888,-1.779826286352204e-15,0.1732050807568874,4096.0,1.0,0.333333333333359,0.333333333333359,0.5773502691896257,0.5773502691896278,0.1414213562373092,0.8164965809277258
0.05,1.0,0.05,2,1,6,6,64,-12.000000000000002,0.029999999999999888,-1.779826286352204e-15,0.1732050807568874,4096.0,1.0,0.41666666666671126,0.41666666666671126,0.6454972243679027,0.6454972243679032,0.1322875655532293,0.7637626158259734
0.05,1.0,0.05,2,1,8,8,256,-12.000000000000002,0.029999999999999888,-1.779826286352204e-15,0.1732050807568874,4096.0,1.0,0.5833333333333544,0.5833333333333544,0.7637626158259737,0.763762615825972,0.11180339887498926,0.6454972243679028
0.05,1.0,0.05,2,1,10,10,1024,-12.000000000000002,0.029999999999999888,-1.779826286352204e-15,0.1732050807568874,4096.0,1.0,0.7499999999999962,0.7499999999999962,0.8660254037844392,0.8660254037844363,0.08660254037844371,0.5000000000000001
0.05,1.0,0.05,2,1,12,12,3074,-12.000000000000002,0.029999999999999888,-1.779826286352204e-15,0.1732050807568874,4096.0,1.0,1.0,1.0,0.9999999999999999,1.0,4.239462274380393e-15,2.4476546853327878e-14
0.05,1.0,0.05,2,4,1,1,2,-12.001973219276087,0.02236342106053489,3.236994006172722e-15,0.14954404388184403,4094.225292961718,0.9995667219144819,0.0004684877853288194,0.00038813895640466,0.021644578659132437,0.022175409524894343,0.14950900999916295,0.9997657286658052
0.05,1.0,0.05,2,4,2,2,4,-12.001973219276087,0.02236342106053489,3.236994006172722e-15,0.14954404388184403,4094.225292961718,0.9995667219144819,0.055409029842825475,0.05565929529729985,0.2353912272002147,0.23607403971427435,0.14534196089087312,0.9719006997410675
0.05,1.0,0.05,2,4,3,3,8,-12.001973219276087,0.02236342106053489,3.236994006172722e-15,0.14954404388184403,4094.225292961718,0.9995667219144819,0.15591032917460312,0.15598701506726287,0.39485482037655467,0.39503390631383195,0.13739262251488135,0.9187435283175597
0.05,1.0,0.05,2,4,4,4,16,-12.001973219276087,0.02236342106053489,3.236994006172722e-15,0.14954404388184403,4094.225292961718,0.9995667219144819,0.2679054430636656,0.2679268437828688,0.5175958298360442,0.5176793411191796,0.127953658927336,0.8556252432790519
0.05,1.0,0.05,2,4,5,5,32,-12.001973219276087,0.02236342106053489,3.236994006172722e-15,0.14954404388184403,4094.225292961718,0.9995667219144819,0.34928814535199315,0.3494010800670947,0.5910060451061345,0.5911433567843973,0.12063226431836106,0.8066671275365109
0.05,1.0,0.05,2,4,6,6,64,-12.001973219276087,0.02236342106053489,3.236994006172722e-15,0.14954404388184403,4094.225292961718,0.9995667219144819,0.44404902188404405,0.4440921707987767,0.6663700337530515,0.6664334903081759,0.11150320987587474,0.7456212028342255
0.05,1.0,0.05,2,4,8,8,256,-12.001973219276087,0.02236342106053489,3.236994006172722e-15,0.14954404388184403,4094.225292961718,0.9995667219144819,0.6197545215272586,0.6196115211453745,0.7872448929826467,0.7871690076952209,0.09221491062431533,0.6166404774848477
0.05,1.0,0.05,2,4,10,10,1024,-12.001973219276087,0.02236342106053489,3.236994006172722e-15,0.14954404388184403,4094.225292961718,0.9995667219144819,0.8088270395609358,0.8088531447514965,0.8993481192291091,0.8993691796336086,0.06538563611136447,0.43723330207003225
0.05,1.0,0.05,2,4,12,12,4096,-12.001973219276087,0.02236342106053489,3.236994006172722e-15,0.14954404388184403,4094.225292961718,0.9995667219144819,1.0,1.0,1.0000000000000002,1.0,8.332536955185348e-14,5.571961770519562e-13
0.05,1.0,0.05,2,8,1,1,2,-12.003799140931433,0.015460779919759136,-4.735795089416683e-16,0.12434138458196103,4091.0847456037495,0.9987999867196654,0.0013755836707930458,0.0010180660765690686,0.03708886181583227,0.03792606645316187,0.12425583416227898,0.9993119714729759
0.05,1.0,0.05,2,8,2,2,4,-12.003799140931433,0.015460779919759136,-4.735795089416683e-16,0.12434138458196103,4091.0847456037495,0.9987999867196654,0.06251073240012484,0.06184765002809789,0.25002146387885105,0.24935126977427505,0.12039233880732556,0.9682402943484
0.05,1.0,0.05,2,8,3,3,8,-12.003799140931433,0.015460779919759136,-4.735795089416683e-16,0.12434138458196103,4091.0847456037495,0.9987999867196654,0.13331908029702833,0.13342788402422834,0.3651288543747654,0.3656248664627903,0.11575648128801289,0.9309569913282628
0.05,1.0,0.05,2,8,4,4,16,-12.003799140931433,0.015460779919759136,-4.735795089416683e-16,0.12434138458196103,4091.0847456037495,0.9987999867196654,0.23587268995667798,0.23566696798799858,0.48566726259516296,0.48565660699587554,0.10869224522134659,0.8741437582247675
0.05,1.0,0.05,2,8,5,5,32,-12.003799140931433,0.015460779919759136,-4.735795089416683e-16,0.12434138458196103,4091.0847456037495,0.9987999867196654,0.30878181718200204,0.30825670328097765,0.5556813989886639,0.5553314566883304,0.10337684557523001,0.831395322826633
0.05,1.0,0.05,2,8,6,6,64,-12.003799140931433,0.015460779919759136,-4.735795089416683e-16,0.12434138458196103,4091.0847456037495,0.9987999867196654,0.38274450966569384,0.38209608112863347,0.6186634866110091,0.6182199882927113,0.09768956592349959,0.7856560890964376
0.05,1.0,0.05,2,8,8,8,256,-12.003799140931433,0.015460779919759136,-4.735795089416683e-16,0.12434138458196103,4091.0847456037495,0.9987999867196654,0.5755851704159858,0.5755523316983039,0.7586732962323015,0.7586805455317014,0.08100484105830048,0.6514712807054616
0.05,1.0,0.05,2,8,10,10,1024,-12.003799140931433,0.015460779919759136,-4.735795089416683e-16,0.12434138458196103,4091.0847456037495,0.9987999867196654,0.7724555254896908,0.7721465960824784,0.8788944905332438,0.8787260087153023,0.059312857310714194,0.477016220384915
0.05,1.0,0.05,2,8,12,12,4096,-12.003799140931433,0.015460779919759136,-4.735795089416683e-16,0.12434138458196103,4091.0847456037495,0.9987999867196654,1.0,1.0,1.0000000000000002,1.0,7.317510973077185e-15,5.885016479170509e-14
0.05,1.0,0.05,2,16,1,1,2,-12.005933185378478,0.0068187283907418066,1.4216058885629934e-15,0.08257559197936039,4084.334852434837,0.9971520635827239,0.0010982248258603056,-0.0002342688563248263,0.03313947534076328,0.03325540330578987,0.08253023624067903,0.999450736742006
0.05,1.0,0.05,2,16,2,2,4,-12.005933185378478,0.0068187283907418066,1.4216058885629934e-15,0.08257559197936039,4084.334852434837,0.9971520635827239,0.048046495099892894,0.0472758888398902,0.21919510738129153,0.2199419826403035,0.08056744001473863,0.9756810467053788
0.05,1.0,0.05,2,16,3,3,8,-12.005933185378478,0.0068187283907418066,1.4216058885629934e-15,0.08257559197936039,4084.334852434837,0.9971520635827239,0.10944822781753671,0.10958633610131507,0.3308296054127252,0.33236304921723436,0.07792580222497535,0.9436905065658234
0.05,1.0,0.05,2,16,4,4,16,-12.005933185378478,0.0068187283907418066,1.4216058885629934e-15,0.08257559197936039,4084.334852434837,0.9971520635827239,0.19054965523734468,0.19077519758880124,0.43651993681542967,0.43753882671704775,0.07429281288744455,0.8996945841576758
0.05,1.0,0.05,2,16,5,5,32,-12.005933185378478,0.0068187283907418066,1.4216058885629934e-15,0.08257559197936039,4084.334852434837,0.9971520635827239,0.29067655971627904,0.29104766908250634,0.5391442846922152,0.5399729823906994,0.06954627150668286,0.8422134173021225
0.05,1.0,0.05,2,16,6,6,64,-12.005933185378478,0.0068187283907418066,1.4216058885629934e-15,0.08257559197936039,4084.334852434837,0.9971520635827239,0.3827022227180279,0.3828306455995698,0.6186293096176677,0.6190485168917436,0.06487823887479041,0.7856830005046358
0.05,1.0,0.05,2,16,8,8,256,-12.005933185378478,0.0068187283907418066,1.4216058885629934e-15,0.08257559197936039,4084.334852434837,0.9971520635827239,0.5912923191667545,0.5913802903650558,0.7689553427649461,0.7691173468426626,0.05279078202500776,0.6393024955631286
0.05,1.0,0.05,2,16,10,10,1024,-12.005933185378478,0.0068187283907418066,1.4216058885629934e-15,0.08257559197936039,4084.334852434837,0.9971520635827239,0.7989140809218676,0.7987713456345087,0.8938199376394936,0.8937603369109054,0.037029046239357384,0.4484260463868394
0.05,1.0,0.05,2,16,12,12,4096,-12.005933185378478,0.0068187283907418066,1.4216058885629934e-15,0.08257559197936039,4084.334852434837,0.9971520635827239,1.0,1.0,0.9999999999999999,0.9999999999999999,5.0164683470259474e-15,6.075001373626004e-14
0.05,1.0,0.05,2,32,1,1,2,-12.007098064866753,0.002017501741083882,1.209969624493823e-16,0.04491660874424829,4074.032066727828,0.9946367350409736,0.0016611932156930242,0.0002211322547348571,0.040757738108227116,0.040096664151613656,0.04487928565473087,0.9991690581599797
0.05,1.0,0.05,2,32,2,2,4,-12.007098064866753,0.002017501741083882,1.209969624493823e-16,0.04491660874424829,4074.032066727828,0.9946367350409736,0.08305212028778863,0.0831184647229336,0.28818764770162475,0.29008570541310197,0.043010974690217675,0.9575739552181878
0.05,1.0,0.05,2,32,3,3,8,-12.007098064866753,0.002017501741083882,1.209969624493823e-16,0.04491660874424829,4074.032066727828,0.9946367350409736,0.12738682222249054,0.13039279564786144,0.35691290565415656,0.3622062497226262,0.04195829602663649,0.9341376653242855
0.05,1.0,0.05,2,32,4,4,16,-12.007098064866753,0.002017501741083882,1.209969624493823e-16,0.04491660874424829,4074.032066727828,0.9946367350409736,0.20267656096784326,0.20435974461823436,0.45019613610941195,0.4526883795601467,0.040107373716741446,0.8929296943388968
0.05,1.0,0.05,2,32,5,5,32,-12.007098064866753,0.002017501741083882,1.209969624493823e-16,0.04491660874424829,4074.032066727828,0.9946367350409736,0.3053365498639131,0.30751458522341824,0.552572664781671,0.5549550133193238,0.037436409017384174,0.833464726389835
0.05,1.0,0.05,2,32,6,6,64,-12.007098064866753,0.002017501741083882,1.209969624493823e-16,0.04491660874424829,4074.032066727828,0.9946367350409736,0.40964789855547956,0.41141087264989784,0.6400374196525407,0.6416616862074312,0.03451139511113456,0.7683437391197493
0.05,1.0,0.05,2,32,8,8,256,-12.007098064866753,0.002017501741083882,1.209969624493823e-16,0.04491660874424829,4074.032066727828,0.9946367350409736,0.6081705904793197,0.6104111998732198,0.7798529287495958,0.781369843519124,0.028116125549510488,0.6259627860509581
0.05,1.0,0.05,2,32,10,10,1024,-12.007098064866753,0.002017501741083882,1.209969624493823e-16,0.04491660874424829,4074.032066727828,0.9946367350409736,0.8299511319445283,0.8305929328728425,0.91101653768992,0.9113799932179717,0.018522253841561916,0.41236981952547225
0.05,1.0,0.05,2,32,12,12,4096,-12.007098064866753,0.002017501741083882,1.209969624493823e-16,0.04491660874424829,4074.032066727828,0.9946367350409736,1.0,1.0,1.0,1.0,3.3314232006063944e-15,7.416907228182032e-14
0.05,1.0,0.05,2,64,1,1,2,-12.007396621711806,0.0006917746923353415,3.6743611625533745e-16,0.02630161007115993,4066.6380383209266,0.992831552324445,0.0007652248063649836,0.0008699114394526974,0.027662697019046698,0.03031505527463871,0.0262915448230101,0.9996173143726715
0.05,1.0,0.05,2,64,2,2,4,-12.007396621711806,0.0006917746923353415,3.6743611625533745e-16,0.02630161007115993,4066.6380383209266,0.992831552324445,0.0034511169302314793,0.0034601692856669475,0.05874620779451143,0.059183743687711406,0.026256185880335216,0.9982729501843493
0.05,1.0,0.05,2,64,3,3,8,-12.007396621711806,0.0006917746923353415,3.6743611625533745e-16,0.02630161007115993,4066.6380383209266,0.992831552324445,0.02043808743386244,0.0198166895527776,0.14296183908254734,0.14083796685946937,0.0260314452285857,0.9897282013594114
0.05,1.0,0.05,2,64,4,4,16,-12.007396621711806,0.0006917746923353415,3.6743611625533745e-16,0.02630161007115993,4066.6380383209266,0.992831552324445,0.04837346169659107,0.04732711628771591,0.2199396774040458,0.21758448861449378,0.025657575017000018,0.9755134741782935
0.05,1.0,0.05,2,64,5,5,32,-12.007396621711806,0.0006917746923353415,3.6743611625533745e-16,0.02630161007115993,4066.6380383209266,0.992831552324445,0.0925675190345332,0.09263563892084792,0.3042491068754926,0.30438588873103656,0.025054716628510894,0.9525925052011825
0.05,1.0,0.05,2,64,6,6,64,-12.007396621711806,0.0006917746923353415,3.6743611625533745e-16,0.02630161007115993,4066.6380383209266,0.992831552324445,0.1881894398309587,0.18874813581735062,0.4338080679643445,0.4344708780722724,0.023697890211905378,0.9010053052946151
0.05,1.0,0.05,2,64,8,8,256,-12.007396621711806,0.0006917746923353415,3.6743611625533745e-16,0.02630161007115993,4066.6380383209266,0.992831552324445,0.4112372602048794,0.41166301165474073,0.6412778338636685,0.6416104336368534,0.020181455923205405,0.7673087643153315
0.05,1.0,0.05,2,64,10,10,1024,-12.007396621711806,0.0006917746923353415,3.6743611625533745e-16,0.02630161007115993,4066.6380383209266,0.992831552324445,0.7279648057868986,0.7275769869392474,0.8532085359318079,0.8529815018176204,0.013718128982523555,0.5215699322364172
0.05,1.0,0.05,2,64,12,12,4096,-12.007396621711806,0.0006917746923353415,3.6743611625533745e-16,0.02630161007115993,4066.6380383209266,0.992831552324445,1.0,1.0,1.0000000000000002,1.0,2.350960084279568e-15,8.938464519544479e-14
0.05,1.0,0.05,3,1,1,1,2,-12.000000000000002,0.029999999999999888,-1.779826286352204e-15,0.1732050807568874,4096.0,1.0,5.4511950509095186e-14,5.4511950509095186e-14,NaN,NaN,0.1732050807568874,1.0
0.05,1.0,0.05,3,1,2,2,4,-12.000000000000002,0.029999999999999888,-1.779826286352204e-15,0.1732050807568874,4096.0,1.0,0.08333333333341386,0.08333333333341386,0.2886751345948129,0.28867513459481486,0.16583123951776968,0.9574271077563381
0.05,1.0,0.05,3,1,3,3,8,-12.000000000000002,0.029999999999999888,-1.779826286352204e-15,0.1732050807568874,4096.0,1.0,0.1666666666666896,0.1666666666666896,0.408248290463863,0.4082482904638648,0.15811388300841867,0.9128709291752769
0.05,1.0,0.05,3,1,4,4,16,-12.000000000000002,0.029999999999999888,-1.779826286352204e-15,0.1732050807568874,4096.0,1.0,0.2500000000000684,0.2500000000000684,0.49999999999999994,0.5000000000000007,0.14999999999999974,0.8660254037844388
0.05,1.0,0.05,3,1,5,5,32,-12.000000000000002,0.029999999999999888,-1.779826286352204e-15,0.1732050807568874,4096.0,1.0,0.333333333333359,0.333333333333359,0.5773502691896257,0.5773502691896278,0.1414213562373092,0.8164965809277258
0.05,1.0,0.05,3,1,6,6,64,-12.000000000000002,0.029999999999999888,-1.779826286352204e-15,0.1732050807568874,4096.0,1.0,0.41666666666671126,0.41666666666671126,0.6454972243679027,0.6454972243679032,0.1322875655532293,0.7637626158259734
0.05,1.0,0.05,3,1,8,8,256,-12.000000000000002,0.029999999999999888,-1.779826286352204e-15,0.1732050807568874,4096.0,1.0,0.5833333333333544,0.5833333333333544,0.7637626158259737,0.763762615825972,0.11180339887498926,0.6454972243679028
0.05,1.0,0.05,3,1,10,10,1024,-12.000000000000002,0.029999999999999888,-1.779826286352204e-15,0.1732050807568874,4096.0,1.0,0.7499999999999962,0.7499999999999962,0.8660254037844392,0.8660254037844363,0.08660254037844371,0.5000000000000001
0.05,1.0,0.05,3,1,12,12,3074,-12.000000000000002,0.029999999999999888,-1.779826286352204e-15,0.1732050807568874,4096.0,1.0,1.0,1.0,0.9999999999999999,1.0,4.239462274380393e-15,2.4476546853327878e-14
0.05,1.0,0.05,3,4,1,1,2,-12.001747199703694,0.023237404123509955,-2.147587663259287e-15,0.1524381977179931,4094.4349964952044,0.999617919066212,0.00024008331644642666,0.00014910855574845616,0.015494622178249822,0.015072604273007335,0.1524198976855134,0.9998799511359117
0.05,1.0,0.05,3,4,2,2,4,-12.001747199703694,0.023237404123509955,-2.147587663259287e-15,0.1524381977179931,4094.4349964952044,0.999617919066212,0.06203527867284697,0.06203315392110764,0.24906882316509604,0.24917628622778287,0.14763422802004444,0.968485787880831
0.05,1.0,0.05,3,4,3,3,8,-12.001747199703694,0.023237404123509955,-2.147587663259287e-15,0.1524381977179931,4094.4349964952044,0.999617919066212,0.15099667986575127,0.15106373260415007,0.3885829124726837,0.38872602483016216,0.14045865317651735,0.9214137616371086
0.05,1.0,0.05,3,4,4,4,16,-12.001747199703694,0.023237404123509955,-2.147587663259287e-15,0.1524381977179931,4094.4349964952044,0.999617919066212,0.2459231019325302,0.24581611446671858,0.4959063439123686,0.49583445623114,0.13237367419769144,0.868376011913887
0.05,1.0,0.05,3,4,5,5,32,-12.001747199703694,0.023237404123509955,-2.147587663259287e-15,0.1524381977179931,4094.4349964952044,0.999617919066212,0.33842025880248605,0.33845144265493554,0.5817389954287798,0.5817920039449075,0.12398949877362099,0.8133755228659847
0.05,1.0,0.05,3,4,6,6,64,-12.001747199703694,0.023237404123509955,-2.147587663259287e-15,0.1524381977179931,4094.4349964952044,0.999617919066212,0.4395470125240347,0.4395882548149844,0.6629834179857261,0.6630354631529226,0.11412043008246787,0.7486340811611263
0.05,1.0,0.05,3,4,8,8,256,-12.001747199703694,0.023237404123509955,-2.147587663259287e-15,0.1524381977179931,4094.4349964952044,0.999617919066212,0.6507471450253374,0.6507266973422944,0.80668900142827,0.806692146112351,0.09008734501768711,0.590976188162146
0.05,1.0,0.05,3,4,10,10,1024,-12.001747199703694,0.023237404123509955,-2.147587663259287e-15,0.1524381977179931,4094.4349964952044,0.999617919066212,0.8303888796388834,0.8303448713567418,0.9112567583501829,0.9112398358281747,0.06277995020444464,0.411838706730094
0.05,1.0,0.05,3,4,12,12,4096,-12.001747199703694,0.023237404123509955,-2.147587663259287e-15,0.1524381977179931,4094.4349964952044,0.999617919066212,1.0,1.0,1.0000000000000002,1.0,7.397982551547989e-14,4.853102872046594e-13
0.05,1.0,0.05,3,8,1,1,2,-12.00374650701534,0.015445381669518088,1.2203779653496838e-15,0.12427944990833395,4091.9342669586435,0.9990073893942001,0.0009075065764968526,0.00041637637421576557,0.030124849817026584,0.029905309213388187,0.12422304489939245,0.999546143718989
0.05,1.0,0.05,3,8,2,2,4,-12.00374650701534,0.015445381669518088,1.2203779653496838e-15,0.12427944990833395,4091.9342669586435,0.9990073893942001,0.1156650266934377,0.11510192555037824,0.3400956140461668,0.339887673592934,0.11687125902643011,0.9403908619858877
0.05,1.0,0.05,3,8,3,3,8,-12.00374650701534,0.015445381669518088,1.2203779653496838e-15,0.12427944990833395,4091.9342669586435,0.9990073893942001,0.2319865730610845,0.23095270984540872,0.48164984486770435,0.48095720857369145,0.10891400509753606,0.8763637526386612
0.05,1.0,0.05,3,8,4,4,16,-12.00374650701534,0.015445381669518088,1.2203779653496838e-15,0.12427944990833395,4091.9342669586435,0.9990073893942001,0.33984235768960247,0.3390042665416565,0.5829599966460844,0.5825005460316306,0.10097715953389307,0.8125008568059466
0.05,1.0,0.05,3,8,5,5,32,-12.00374650701534,0.015445381669518088,1.2203779653496838e-15,0.12427944990833395,4091.9342669586435,0.9990073893942001,0.4334530330632651,0.4328143170176597,0.6583715007981938,0.6580672982668712,0.09354428971372704,0.7526931426130663
0.05,1.0,0.05,3,8,6,6,64,-12.00374650701534,0.015445381669518088,1.2203779653496838e-15,0.12427944990833395,4091.9342669586435,0.9990073893942001,0.5278783109141569,0.5273054827102727,0.7265523456119027,0.7262845947017124,0.08539379182580187,0.6871111184414369
0.05,1.0,0.05,3,8,8,8,256,-12.00374650701534,0.015445381669518088,1.2203779653496838e-15,0.12427944990833395,4091.9342669586435,0.9990073893942001,0.6824131936286719,0.6820377504898141,0.8260830428163211,0.825910008847814,0.07003748594580261,0.5635484064136176
0.05,1.0,0.05,3,8,10,10,1024,-12.00374650701534,0.015445381669518088,1.2203779653496838e-15,0.12427944990833395,4091.9342669586435,0.9990073893942001,0.8358741357563847,0.8356409396489998,0.9142615248146366,0.914149697440168,0.05034865057856221,0.4051245046200186
0.05,1.0,0.05,3,8,12,12,4096,-12.00374650701534,0.015445381669518088,1.2203779653496838e-15,0.12427944990833395,4091.9342669586435,0.9990073893942001,1.0,1.0,1.0,1.0,4.802384487567554e-15,3.8641822852528695e-14
0.05,1.0,0.05,3,16,1,1,2,-12.005869577143596,0.007082687056566209,-3.1138286393783687e-16,0.0841587016093179,4084.736446721865,0.9972501090629553,0.0022353387525391177,0.0009392881798370167,0.04727936920625254,0.04752683297406708,0.08406458738206322,0.9988817053322474
0.05,1.0,0.05,3,16,2,2,4,-12.005869577143596,0.007082687056566209,-3.1138286393783687e-16,0.0841587016093179,4084.736446721865,0.9972501090629553,0.09803051943601138,0.0969690593167074,0.31309825843657135,0.3131029969819942,0.07992726421821461,0.9497207381983327
0.05,1.0,0.05,3,16,3,3,8,-12.005869577143596,0.007082687056566209,-3.1138286393783687e-16,0.0841587016093179,4084.736446721865,0.9972501090629553,0.2121065922122083,0.2110126598563542,0.4605503145284033,0.4602745514496408,0.07470209127790475,0.8876335999655426
0.05,1.0,0.05,3,16,4,4,16,-12.005869577143596,0.007082687056566209,-3.1138286393783687e-16,0.0841587016093179,4084.736446721865,0.9972501090629553,0.3415922534892746,0.34012915653042797,0.5844589408070296,0.583751748392049,0.06828833007296663,0.811423284427262
0.05,1.0,0.05,3,16,5,5,32,-12.005869577143596,0.007082687056566209,-3.1138286393783687e-16,0.0841587016093179,4084.736446721865,0.9972501090629553,0.4148677143999858,0.41389803041669293,0.6441022546148923,0.6437122345727091,0.06437630670983083,0.7649393999527102
0.05,1.0,0.05,3,16,6,6,64,-12.005869577143596,0.007082687056566209,-3.1138286393783687e-16,0.0841587016093179,4084.736446721865,0.9972501090629553,0.486283956144129,0.4855557607859128,0.6973406313589724,0.6970578466966176,0.06031989700396022,0.7167398718195256
0.05,1.0,0.05,3,16,8,8,256,-12.005869577143596,0.007082687056566209,-3.1138286393783687e-16,0.0841587016093179,4084.736446721865,0.9972501090629553,0.6531006460383366,0.6531470693608434,0.8081464261124572,0.8082729457897933,0.049567928787023645,0.5889816244685929
0.05,1.0,0.05,3,16,10,10,1024,-12.005869577143596,0.007082687056566209,-3.1138286393783687e-16,0.0841587016093179,4084.736446721865,0.9972501090629553,0.8292451838249202,0.8290347657155918,0.9106290044935538,0.9105336845285162,0.034776470872841275,0.4132248978160434
0.05,1.0,0.05,3,16,12,12,4096,-12.005869577143596,0.007082687056566209,-3.1138286393783687e-16,0.0841587016093179,4084.736446721865,0.9972501090629553,1.0,1.0,0.9999999999999999,1.0,6.6202961125629284e-15,7.866442787218501e-14
0.05,1.0,0.05,3,32,1,1,2,-12.007097849063477,0.0020304540021471177,1.97758476261356e-16,0.04506055927468186,4074.0132169174553,0.9946321330364881,0.0008160276115176668,-0.0007162377621521276,0.028566197008218677,0.025604425660762247,0.04504217019213728,0.9995919029226316
0.05,1.0,0.05,3,32,2,2,4,-12.007097849063477,0.0020304540021471177,1.97758476261356e-16,0.04506055927468186,4074.0132169174553,0.9946321330364881,0.03788144932547133,0.03676103159356159,0.19463157330060593,0.1945469552316079,0.04419884004990499,0.9808764196750429
0.05,1.0,0.05,3,32,3,3,8,-12.007097849063477,0.0020304540021471177,1.97758476261356e-16,0.04506055927468186,4074.0132169174553,0.9946321330364881,0.06531116134940362,0.06541190755529402,0.2555604847182006,0.25753851034033803,0.043564236400978604,0.9667930691986774
0.05,1.0,0.05,3,32,4,4,16,-12.007097849063477,0.0020304540021471177,1.97758476261356e-16,0.04506055927468186,4074.0132169174553,0.9946321330364881,0.14021983823892803,0.1402906712884412,0.37445939464636974,0.37546685598768226,0.04178210227375436,0.9272433131390456
0.05,1.0,0.05,3,32,5,5,32,-12.007097849063477,0.0020304540021471177,1.97758476261356e-16,0.04506055927468186,4074.0132169174553,0.9946321330364881,0.231102918482069,0.23111138307536117,0.4807316491370916,0.4812967167494799,0.039512152009316376,0.8768677674073396
0.05,1.0,0.05,3,32,6,6,64,-12.007097849063477,0.0020304540021471177,1.97758476261356e-16,0.04506055927468186,4074.0132169174553,0.9946321330364881,0.3631175162705772,0.36326297625933324,0.6025923300794459,0.6029713544713506,0.035960542098052495,0.7980491737539888
0.05,1.0,0.05,3,32,8,8,256,-12.007097849063477,0.0020304540021471177,1.97758476261356e-16,0.04506055927468186,4074.0132169174553,0.9946321330364881,0.5536328082312608,0.5541081389753024,0.7440650564508858,0.7444786436955424,0.03010528277485546,0.6681071708706174
0.05,1.0,0.05,3,32,10,10,1024,-12.007097849063477,0.0020304540021471177,1.97758476261356e-16,0.04506055927468186,4074.0132169174553,0.9946321330364881,0.8206293708141315,0.8212594029372782,0.905885959055626,0.9062402509310457,0.019084124603923905,0.4235216986009911
0.05,1.0,0.05,3,32,12,12,4096,-12.007097849063477,0.0020304540021471177,1.97758476261356e-16,0.04506055927468186,4074.0132169174553,0.9946321330364881,1.0,1.0,1.0,1.0,3.5077475204455198e-15,7.784518383499991e-14
0.05,1.0,0.05,3,64,1,1,2,-12.007395896480226,0.0006922039885022564,1.0583439506717252e-15,0.02630976982989886,4066.644026588402,0.9928330143038091,0.000580482165759455,0.0005715140815801822,0.02409319749955007,0.024929819003280014,0.026302132545325447,0.9997097167849512
0.05,1.0,0.05,3,64,2,2,4,-12.007395896480226,0.0006922039885022564,1.0583439506717252e-15,0.02630976982989886,4066.644026588402,0.9928330143038091,0.006333530928472886,0.005811852447371368,0.07958348401813269,0.0765396244152226,0.026226320617506967,0.9968282043920786
0.05,1.0,0.05,3,64,3,3,8,-12.007395896480226,0.0006922039885022564,1.0583439506717252e-15,0.02630976982989886,4066.644026588402,0.9928330143038091,0.025727794802688053,0.024866004296232536,0.16039886160033107,0.15776776266682677,0.025969118320121536,0.987052280883499
0.05,1.0,0.05,3,64,4,4,16,-12.007395896480226,0.0006922039885022564,1.0583439506717252e-15,0.02630976982989886,4066.644026588402,0.9928330143038091,0.06702894123845049,0.06575844995162727,0.25889948095437676,0.2564394208831463,0.025412719020835233,0.9659042699779075
0.05,1.0,0.05,3,64,5,5,32,-12.007395896480226,0.0006922039885022564,1.0583439506717252e-15,0.02630976982989886,4066.644026588402,0.9928330143038091,0.135762599562542,0.13532491473716257,0.36845976654519014,0.36787659475974177,0.024458711650363642,0.9296436954217803
0.05,1.0,0.05,3,64,6,6,64,-12.007395896480226,0.0006922039885022564,1.0583439506717252e-15,0.02630976982989886,4066.644026588402,0.9928330143038091,0.2174787940488978,0.21847544774745653,0.4663462169342572,0.46741625763742406,0.02327368255878196,0.8846022868787456
0.05,1.0,0.05,3,64,8,8,256,-12.007395896480226,0.0006922039885022564,1.0583439506717252e-15,0.02630976982989886,4066.644026588402,0.9928330143038091,0.4676725415980516,0.46818040034400543,0.6838658798317453,0.6842416968021573,0.019195811780049858,0.7296077428330603
0.05,1.0,0.05,3,64,10,10,1024,-12.007395896480226,0.0006922039885022564,1.0583439506717252e-15,0.02630976982989886,4066.644026588402,0.9928330143038091,0.7575938887717615,0.7578277008224498,0.8703986952952997,0.8705344630356481,0.012953550749871983,0.4923475512564672
0.05,1.0,0.05,3,64,12,12,4096,-12.007395896480226,0.0006922039885022564,1.0583439506717252e-15,0.02630976982989886,4066.644026588402,0.9928330143038091,1.0,1.0,1.0000000000000002,1.0,1.241352902116617e-15,4.718220304253376e-14
2.0,1.0,2.0,1,1,1,0,1,-12.0,48.0,0.0,6.928203230275509,4096.0,1.0,0.0,0.0,NaN,NaN,6.928203230275509,1.0
2.0,1.0,2.0,1,1,2,0,1,-12.0,48.0,0.0,6.928203230275509,4096.0,1.0,0.0,0.0,NaN,NaN,6.928203230275509,1.0
2.0,1.0,2.0,1,1,3,0,1,-12.0,48.0,0.0,6.928203230275509,4096.0,1.0,0.0,0.0,NaN,NaN,6.928203230275509,1.0
2.0,1.0,2.0,1,1,4,0,1,-12.0,48.0,0.0,6.928203230275509,4096.0,1.0,0.0,0.0,NaN,NaN,6.928203230275509,1.0
2.0,1.0,2.0,1,1,5,0,1,-12.0,48.0,0.0,6.928203230275509,4096.0,1.0,0.0,0.0,NaN,NaN,6.928203230275509,1.0
2.0,1.0,2.0,1,1,6,0,1,-12.0,48.0,0.0,6.928203230275509,4096.0,1.0,0.0,0.0,NaN,NaN,6.928203230275509,1.0
2.0,1.0,2.0,1,1,8,0,1,-12.0,48.0,0.0,6.928203230275509,4096.0,1.0,0.0,0.0,NaN,NaN,6.928203230275509,1.0
2.0,1.0,2.0,1,1,10,0,1,-12.0,48.0,0.0,6.928203230275509,4096.0,1.0,0.0,0.0,NaN,NaN,6.928203230275509,1.0
2.0,1.0,2.0,1,1,12,0,1,-12.0,48.0,0.0,6.928203230275509,4096.0,1.0,0.0,0.0,NaN,NaN,6.928203230275509,1.0
2.0,1.0,2.0,1,4,1,1,2,-15.154210616949703,34.643641297134636,-4.135580766728708e-15,5.885884920480066,2332.128611191558,0.5693673367166889,0.007119721868185658,-0.18360382179090196,0.08437844433377105,0.023723185630759362,5.864894560569508,0.9964337801037322
2.0,1.0,2.0,1,4,2,2,4,-15.154210616949703,34.643641297134636,-4.135580766728708e-15,5.885884920480066,2332.128611191558,0.5693673367166889,0.08249487582154313,-0.0685146342909333,0.28721921213864693,0.27887016277736304,5.6378824402714685,0.957864877829047
2.0,1.0,2.0,1,4,3,3,8,-15.154210616949703,34.643641297134636,-4.135580766728708e-15,5.885884920480066,2332.128611191558,0.5693673367166889,0.18001386963403465,0.036574097053306276,0.42428041391753774,0.3936533616013255,5.329850407752914,0.9055308555570942
2.0,1.0,2.0,1,4,4,4,16,-15.154210616949703,34.643641297134636,-4.135580766728708e-15,5.885884920480066,2332.128611191558,0.5693673367166889,0.2571810362214296,0.14481855437363333,0.5071301965190301,0.4911270128061774,5.072864450175465,0.8618694586644603
2.0,1.0,2.0,1,4,5,5,32,-15.154210616949703,34.643641297134636,-4.135580766728708e-15,5.885884920480066,2332.128611191558,0.5693673367166889,0.34304746750048143,0.2507054297234145,0.5857025418251848,0.573143404827655,4.770663254219215,0.8105260837872632
2.0,1.0,2.0,1,4,6,6,64,-15.154210616949703,34.643641297134636,-4.135580766728708e-15,5.885884920480066,2332.128611191558,0.5693673367166889,0.4426705794849619,0.36855564374074434,0.6653349378207669,0.6516656581341914,4.394077892876142,0.746544988942419
2.0,1.0,2.0,1,4,8,8,256,-15.154210616949703,34.643641297134636,-4.135580766728708e-15,5.885884920480066,2332.128611191558,0.5693673367166889,0.622939354401504,0.564661278997513,0.7892650723309032,0.7697983099723119,3.6142431785064275,0.6140526407389633
2.0,1.0,2.0,1,4,10,10,1024,-15.154210616949703,34.643641297134636,-4.135580766728708e-15,5.885884920480066,2332.128611191558,0.5693673367166889,0.8215306872460023,0.7740994599747428,0.9063833004011067,0.8871329532637271,2.4865290775688957,0.4224562850212995
2.0,1.0,2.0,1,4,12,12,4096,-15.154210616949703,34.643641297134636,-4.135580766728708e-15,5.885884920480066,2332.128611191558,0.5693673367166889,1.0,1.0,1.0,1.0,4.902339831061802e-13,8.328976691345089e-14
2.0,1.0,2.0,1,8,1,1,2,-18.0494234043353,23.7254404749101,3.7192471324942744e-15,4.870876766549334,953.2164707442435,0.2327188649277938,0.012492210920838187,-0.7368644036655059,0.11176855962586106,0.04888226424801868,4.840357142640169,0.9937342648209131
2.0,1.0,2.0,1,8,2,2,4,-18.0494234043353,23.7254404749101,3.7192471324942744e-15,4.870876766549334,953.2164707442435,0.2327188649277938,0.080213129258768,-0.5446308294205267,0.2832192247337171,0.23686556500230904,4.671439676521034,0.9590551969210285
2.0,1.0,2.0,1,8,3,3,8,-18.0494234043353,23.7254404749101,3.7192471324942744e-15,4.870876766549334,953.2164707442435,0.2327188649277938,0.18861665631373614,-0.32403804700113503,0.43430019147328963,0.38102194217229457,4.387530880000958,0.9007681964225115
2.0,1.0,2.0,1,8,4,4,16,-18.0494234043353,23.7254404749101,3.7192471324942744e-15,4.870876766549334,953.2164707442435,0.2327188649277938,0.3086770562308976,-0.18326790968743745,0.5555871274884778,0.4717309965747308,4.049931030441562,0.8314583235310729
2.0,1.0,2.0,1,8,5,5,32,-18.0494234043353,23.7254404749101,3.7192471324942744e-15,4.870876766549334,953.2164707442435,0.2327188649277938,0.41529081398407564,0.020649556970927407,0.6444306122338346,0.5652482516984387,3.724578229538745,0.7646627923574714
2.0,1.0,2.0,1,8,6,6,64,-18.0494234043353,23.7254404749101,3.7192471324942744e-15,4.870876766549334,953.2164707442435,0.2327188649277938,0.501775787405798,0.17227803379910867,0.7083613395759237,0.635435916956516,3.4381083314902567,0.7058499929830722
2.0,1.0,2.0,1,8,8,8,256,-18.0494234043353,23.7254404749101,3.7192471324942744e-15,4.870876766549334,953.2164707442435,0.2327188649277938,0.6892983087676904,0.4384585159860197,0.8302399103678956,0.7419845009189182,2.7150569940216815,0.5574062174324119
2.0,1.0,2.0,1,8,10,10,1024,-18.0494234043353,23.7254404749101,3.7192471324942744e-15,4.870876766549334,953.2164707442435,0.2327188649277938,0.8849832297355001,0.750026258789224,0.9407354727740952,0.8787036331108361,1.6519151117798991,0.3391412246609068
2.0,1.0,2.0,1,8,12,12,4096,-18.0494234043353,23.7254404749101,3.7192471324942744e-15,4.870876766549334,953.2164707442435,0.2327188649277938,1.0,1.0,1.0000000000000002,1.0,8.273227609265715e-14,1.6985089144693558e-14
2.0,1.0,2.0,1,16,1,1,2,-21.4054258405457,13.144960891096936,-1.5265566588595902e-15,3.6255980046189533,92.92698411705493,0.022687251981702863,0.0073319608905708655,-1.2682078525811487,0.08562687014349064,-0.026339246325565623,3.6122821805522527,0.9963272751006216
2.0,1.0,2.0,1,16,2,2,4,-21.4054258405457,13.144960891096936,-1.5265566588595902e-15,3.6255980046189533,92.92698411705493,0.022687251981702863,0.13060267747935383,-1.1543618853065873,0.36138992442976986,0.041406669661124884,3.3805611669304656,0.9324147802993287
2.0,1.0,2.0,1,16,3,3,8,-21.4054258405457,13.144960891096936,-1.5265566588595902e-15,3.6255980046189533,92.92698411705493,0.022687251981702863,0.27040122826255986,-1.0139595218462292,0.5200011810203526,0.06482285871396316,3.0968608817124785,0.8541655411788973
2.0,1.0,2.0,1,16,4,4,16,-21.4054258405457,13.144960891096936,-1.5265566588595902e-15,3.6255980046189533,92.92698411705493,0.022687251981702863,0.4238850642164733,-0.5308221937033686,0.651064562248993,0.2782129731845608,2.7519099366896596,0.7590223552594002
2.0,1.0,2.0,1,16,5,5,32,-21.4054258405457,13.144960891096936,-1.5265566588595902e-15,3.6255980046189533,92.92698411705493,0.022687251981702863,0.5403520058788776,-0.290370989709392,0.7350863934796218,0.38848321360309646,2.4580591747135196,0.6779734464720004
2.0,1.0,2.0,1,16,6,6,64,-21.4054258405457,13.144960891096936,-1.5265566588595902e-15,3.6255980046189533,92.92698411705493,0.022687251981702863,0.6960331533260888,0.0203938995365881,0.8342860141019312,0.506724753089551,1.9989077796933583,0.551331884325505
2.0,1.0,2.0,1,16,8,8,256,-21.4054258405457,13.144960891096936,-1.5265566588595902e-15,3.6255980046189533,92.92698411705493,0.022687251981702863,0.8675364482136765,0.430146641393368,0.931416366730624,0.6948409797377522,1.3195560646395503,0.3639554255486839
2.0,1.0,2.0,1,16,10,10,1024,-21.4054258405457,13.144960891096936,-1.5265566588595902e-15,3.6255980046189533,92.92698411705493,0.022687251981702863,0.9657332347801841,0.7510118424004266,0.9827172710297628,0.8689299753606482,0.6711447598535498,0.1851128445565455
2.0,1.0,2.0,1,16,12,12,4096,-21.4054258405457,13.144960891096936,-1.5265566588595902e-15,3.6255980046189533,92.92698411705493,0.022687251981702863,1.0,1.0,1.0,1.0,6.750873581612624e-13,1.8620027849232374e-13
2.0,1.0,2.0,1,32,1,1,2,-25.37043203247292,1.3517367349224023,8.874845303097345e-15,1.1626421353634153,3.15740306957722,0.000770850358783501,0.0030674584318587383,-0.45544188100116645,0.05538464075768403,-0.02413447259557155,1.160857587595142,0.9984650928140364
2.0,1.0,2.0,1,32,2,2,4,-25.37043203247292,1.3517367349224023,8.874845303097345e-15,1.1626421353634153,3.15740306957722,0.000770850358783501,0.06835251677623244,-0.3341307441806891,0.2614431425305206,0.06021335923023807,1.122204137878473,0.9652188784020783
2.0,1.0,2.0,1,32,3,3,8,-25.37043203247292,1.3517367349224023,8.874845303097345e-15,1.1626421353634153,3.15740306957722,0.000770850358783501,0.15829690909875416,-0.3275613652432119,0.39786544094549614,0.03093637250536259,1.0666587963678655,0.9174437807850929
2.0,1.0,2.0,1,32,4,4,16,-25.37043203247292,1.3517367349224023,8.874845303097345e-15,1.1626421353634153,3.15740306957722,0.000770850358783501,0.37407905622990134,-0.3488920781309268,0.6116200260209782,0.10022360938996576,0.9198262514471635,0.7911516566184373
2.0,1.0,2.0,1,32,5,5,32,-25.37043203247292,1.3517367349224023,8.874845303097345e-15,1.1626421353634153,3.15740306957722,0.000770850358783501,0.5767908644511364,-0.15212725789169035,0.7594674874220328,0.21333967702729553,0.7563513304517642,0.6505452601847653
2.0,1.0,2.0,1,32,6,6,64,-25.37043203247292,1.3517367349224023,8.874845303097345e-15,1.1626421353634153,3.15740306957722,0.000770850358783501,0.6862811248859393,0.028601186017479963,0.8284208621744983,0.33464916972850967,0.6512029851975568,0.560106128438228
2.0,1.0,2.0,1,32,8,8,256,-25.37043203247292,1.3517367349224023,8.874845303097345e-15,1.1626421353634153,3.15740306957722,0.000770850358783501,0.8748679228019081,0.33970293808382346,0.9353437457971844,0.5959343977254835,0.4112731762050701,0.35374012664396987
2.0,1.0,2.0,1,32,10,10,1024,-25.37043203247292,1.3517367349224023,8.874845303097345e-15,1.1626421353634153,3.15740306957722,0.000770850358783501,0.9606679855982145,0.6449894195040711,0.9801367178094158,0.8055790329314741,0.2305786822873925,0.1983230052257816
2.0,1.0,2.0,1,32,12,12,4096,-25.37043203247292,1.3517367349224023,8.874845303097345e-15,1.1626421353634153,3.15740306957722,0.000770850358783501,1.0,1.0,0.9999999999999999,0.9999999999999999,3.873432222164091e-12,3.3315773653372238e-12
2.0,1.0,2.0,1,64,1,1,2,-25.440090765220035,0.9542763456407493,-8.534839501805891e-15,0.9768706903376461,2.8845111605314986,0.0007042263575516354,0.002534759600591907,-0.02587915243535921,0.05034639610332309,-0.02770614183020891,0.9756318386112753,0.9987318160544437
2.0,1.0,2.0,1,64,2,2,4,-25.440090765220035,0.9542763456407493,-8.534839501805891e-15,0.9768706903376461,2.8845111605314986,0.0007042263575516354,0.03347468157120892,-0.04972298178081336,0.1829608744273266,-0.039470214549101726,0.9603813038785612,0.9831201953112285
2.0,1.0,2.0,1,64,3,3,8,-25.440090765220035,0.9542763456407493,-8.534839501805891e-15,0.9768706903376461,2.8845111605314986,0.0007042263575516354,0.19450917092294873,-0.16623623657394404,0.44103193866538687,0.048708586739077936,0.8767330521993482,0.8974914089154561
2.0,1.0,2.0,1,64,4,4,16,-25.440090765220035,0.9542763456407493,-8.534839501805891e-15,0.9768706903376461,2.8845111605314986,0.0007042263575516354,0.37567663594677136,-0.09348958794420992,0.6129246576429862,0.12540293767443003,0.771865932883978,0.7901413570072308
2.0,1.0,2.0,1,64,5,5,32,-25.440090765220035,0.9542763456407493,-8.534839501805891e-15,0.9768706903376461,2.8845111605314986,0.0007042263575516354,0.5430378912115623,0.03239646094162951,0.7369110470141989,0.2644139014370069,0.6603545496707963,0.6759897253571515
2.0,1.0,2.0,1,64,6,6,64,-25.440090765220035,0.9542763456407493,-8.534839501805891e-15,0.9768706903376461,2.8845111605314986,0.0007042263575516354,0.6508268326864386,-0.03435691076920566,0.806738391727107,0.3315532321873808,0.577241452166934,0.5909087639505449
2.0,1.0,2.0,1,64,8,8,256,-25.440090765220035,0.9542763456407493,-8.534839501805891e-15,0.9768706903376461,2.8845111605314986,0.0007042263575516354,0.8033035430186696,0.17910338846599438,0.8962720251233268,0.504257790946943,0.43324678437194075,0.4435047429073679
2.0,1.0,2.0,1,64,10,10,1024,-25.440090765220035,0.9542763456407493,-8.534839501805891e-15,0.9768706903376461,2.8845111605314986,0.0007042263575516354,0.9484694749017236,0.5442846597044472,0.9738939751850423,0.7475678071159049,0.2217529282325987,0.2270033592224493
2.0,1.0,2.0,1,64,12,12,4096,-25.440090765220035,0.9542763456407493,-8.534839501805891e-15,0.9768706903376461,2.8845111605314986,0.0007042263575516354,1.0,1.0,1.0,0.9999999999999998,4.105792242250473e-11,4.2030048427713037e-11
2.0,1.0,2.0,2,1,1,0,1,-12.0,48.0,0.0,6.928203230275509,4096.0,1.0,0.0,0.0,NaN,NaN,6.928203230275509,1.0
2.0,1.0,2.0,2,1,2,0,1,-12.0,48.0,0.0,6.928203230275509,4096.0,1.0,0.0,0.0,NaN,NaN,6.928203230275509,1.0
2.0,1.0,2.0,2,1,3,0,1,-12.0,48.0,0.0,6.928203230275509,4096.0,1.0,0.0,0.0,NaN,NaN,6.928203230275509,1.0
2.0,1.0,2.0,2,1,4,0,1,-12.0,48.0,0.0,6.928203230275509,4096.0,1.0,0.0,0.0,NaN,NaN,6.928203230275509,1.0
2.0,1.0,2.0,2,1,5,0,1,-12.0,48.0,0.0,6.928203230275509,4096.0,1.0,0.0,0.0,NaN,NaN,6.928203230275509,1.0
2.0,1.0,2.0,2,1,6,0,1,-12.0,48.0,0.0,6.928203230275509,4096.0,1.0,0.0,0.0,NaN,NaN,6.928203230275509,1.0
2.0,1.0,2.0,2,1,8,0,1,-12.0,48.0,0.0,6.928203230275509,4096.0,1.0,0.0,0.0,NaN,NaN,6.928203230275509,1.0
2.0,1.0,2.0,2,1,10,0,1,-12.0,48.0,0.0,6.928203230275509,4096.0,1.0,0.0,0.0,NaN,NaN,6.928203230275509,1.0
2.0,1.0,2.0,2,1,12,0,1,-12.0,48.0,0.0,6.928203230275509,4096.0,1.0,0.0,0.0,NaN,NaN,6.928203230275509,1.0
2.0,1.0,2.0,2,4,1,1,2,-15.290733049151262,35.149164762231315,-2.4424906541753444e-15,5.9286731029996345,1903.3611164875356,0.46468777257996474,0.003447645722965631,-0.16027263370259504,0.05871665626519171,0.028954995069344354,5.918444296829449,0.9982746887891305
2.0,1.0,2.0,2,4,2,2,4,-15.290733049151262,35.149164762231315,-2.4424906541753444e-15,5.9286731029996345,1903.3611164875356,0.46468777257996474,0.11481080318225834,-0.045503698846517615,0.33883742883905055,0.3377955399363225,5.5779620763047495,0.9408449377117046
2.0,1.0,2.0,2,4,3,3,8,-15.290733049151262,35.149164762231315,-2.4424906541753444e-15,5.9286731029996345,1903.3611164875356,0.46468777257996474,0.20687095984676962,0.046113607866545836,0.45483069360671813,0.44113659689383433,5.279945388927457,0.8905779248068254
2.0,1.0,2.0,2,4,4,4,16,-15.290733049151262,35.149164762231315,-2.4424906541753444e-15,5.9286731029996345,1903.3611164875356,0.46468777257996474,0.29324889922168607,0.1616454681602193,0.5415246062938297,0.5099475929320969,4.984145953635915,0.8406848998158066
2.0,1.0,2.0,2,4,5,5,32,-15.290733049151262,35.149164762231315,-2.4424906541753444e-15,5.9286731029996345,1903.3611164875356,0.46468777257996474,0.36645418643840766,0.2676645908176005,0.6053545956201266,0.574547407612771,4.718962405582219,0.7959559118202422
2.0,1.0,2.0,2,4,6,6,64,-15.290733049151262,35.149164762231315,-2.4424906541753444e-15,5.9286731029996345,1903.3611164875356,0.46468777257996474,0.44125229166954394,0.3771155958589627,0.6642682377395033,0.6428651893496016,4.4316492709403725,0.74749428648683
2.0,1.0,2.0,2,4,8,8,256,-15.290733049151262,35.149164762231315,-2.4424906541753444e-15,5.9286731029996345,1903.3611164875356,0.46468777257996474,0.6373161193317176,0.5855402762283832,0.7983208122877147,0.7789292368141509,3.57043911560118,0.6022324141627412
2.0,1.0,2.0,2,4,10,10,1024,-15.290733049151262,35.149164762231315,-2.4424906541753444e-15,5.9286731029996345,1903.3611164875356,0.46468777257996474,0.8588104188275623,0.7855297475128754,0.926720248417807,0.8934934785748153,2.227710899407831,0.3757520208494397
2.0,1.0,2.0,2,4,12,12,4096,-15.290733049151262,35.149164762231315,-2.4424906541753444e-15,5.9286731029996345,1903.3611164875356,0.46468777257996474,1.0,1.0,0.9999999999999998,0.9999999999999997,8.907434281966167e-13,1.502433027966986e-13
2.0,1.0,2.0,2,8,1,1,2,-18.101275641387392,24.65673968686451,1.3322676295501878e-15,4.9655553251237174,697.2430672647988,0.17022535821894502,0.004174824012170286,-0.6048267715818443,0.06461287806752941,0.04312314633943798,4.955179324500575,0.9979104047898442
2.0,1.0,2.0,2,8,2,2,4,-18.101275641387392,24.65673968686451,1.3322676295501878e-15,4.9655553251237174,697.2430672647988,0.17022535821894502,0.12205450935435314,-0.4240448350779147,0.3493630051312716,0.2611720218547145,4.652663046267832,0.9369874549030244
2.0,1.0,2.0,2,8,3,3,8,-18.101275641387392,24.65673968686451,1.3322676295501878e-15,4.9655553251237174,697.2430672647988,0.17022535821894502,0.20559495302501873,-0.24496314421367904,0.45342579660294713,0.3688727062746378,4.425769814302765,0.8912940294734297
2.0,1.0,2.0,2,8,4,4,16,-18.101275641387392,24.65673968686451,1.3322676295501878e-15,4.9655553251237174,697.2430672647988,0.17022535821894502,0.28574176843813204,-0.1268012187093992,0.5345481909408447,0.44047799066480364,4.1965794743840155,0.8451379955734271
2.0,1.0,2.0,2,8,5,5,32,-18.101275641387392,24.65673968686451,1.3322676295501878e-15,4.9655553251237174,697.2430672647988,0.17022535821894502,0.3831564058388527,0.0517839076156531,0.618996289034799,0.5449829266300338,3.899916913056138,0.7853939101884785
2.0,1.0,2.0,2,8,6,6,64,-18.101275641387392,24.65673968686451,1.3322676295501878e-15,4.9655553251237174,697.2430672647988,0.17022535821894502,0.48681148215426373,0.21932414044778092,0.6977187701031574,0.6271830048841889,3.5571836745957004,0.716371773484786
2.0,1.0,2.0,2,8,8,8,256,-18.101275641387392,24.65673968686451,1.3322676295501878e-15,4.9655553251237174,697.2430672647988,0.17022535821894502,0.6729711265318429,0.4898810302114134,0.8203481739675187,0.7483297159104249,2.8396242362666437,0.5718643838080475
2.0,1.0,2.0,2,8,10,10,1024,-18.101275641387392,24.65673968686451,1.3322676295501878e-15,4.9655553251237174,697.2430672647988,0.17022535821894502,0.903886962787064,0.77663873612133,0.9507297001709077,0.8894830438645784,1.5394265617668437,0.3100210270496762
2.0,1.0,2.0,2,8,12,12,4096,-18.101275641387392,24.65673968686451,1.3322676295501878e-15,4.9655553251237174,697.2430672647988,0.17022535821894502,1.0,1.0,1.0000000000000002,1.0,7.256086735510562e-14,1.461284037819028e-14
2.0,1.0,2.0,2,16,1,1,2,-22.27631151879874,11.378175123089562,-3.3306690738754696e-15,3.3731550695290546,30.504621872710104,0.007447417449392115,0.05321583375469696,-0.9420465934488005,0.23068557335625073,0.06733808621771943,3.2821755052567405,0.9730283481200832
2.0,1.0,2.0,2,16,2,2,4,-22.27631151879874,11.378175123089562,-3.3306690738754696e-15,3.3731550695290546,30.504621872710104,0.007447417449392115,0.20024470335465117,-0.7857362643748094,0.4474870985343061,0.15317355642923366,3.0165801532280248,0.8942903872039262
2.0,1.0,2.0,2,16,3,3,8,-22.27631151879874,11.378175123089562,-3.3306690738754696e-15,3.3731550695290546,30.504621872710104,0.007447417449392115,0.37099867940960185,-0.5874562280226079,0.6090966092580076,0.1917917727104528,2.675235910780982,0.7930960349102737
2.0,1.0,2.0,2,16,4,4,16,-22.27631151879874,11.378175123089562,-3.3306690738754696e-15,3.3731550695290546,30.504621872710104,0.007447417449392115,0.4752261904240672,-0.40904511426915513,0.689366513854615,0.21093018775854824,2.4435564870421635,0.7244127342723448
2.0,1.0,2.0,2,16,5,5,32,-22.27631151879874,11.378175123089562,-3.3306690738754696e-15,3.3731550695290546,30.504621872710104,0.007447417449392115,0.5827644574674711,-0.19681973338643344,0.7633901083112555,0.2837890979107338,2.178848106342523,0.6459377234165296
2.0,1.0,2.0,2,16,6,6,64,-22.27631151879874,11.378175123089562,-3.3306690738754696e-15,3.3731550695290546,30.504621872710104,0.007447417449392115,0.7058623496840097,0.03588543981442105,0.8401561460133531,0.4022056020847373,1.8294123907936701,0.542344586324958
2.0,1.0,2.0,2,16,8,8,256,-22.27631151879874,11.378175123089562,-3.3306690738754696e-15,3.3731550695290546,30.504621872710104,0.007447417449392115,0.8549111605557504,0.4140918629392152,0.9246140603277406,0.6493129196877372,1.2848526077346372,0.38090528933614154
2.0,1.0,2.0,2,16,10,10,1024,-22.27631151879874,11.378175123089562,-3.3306690738754696e-15,3.3731550695290546,30.504621872710104,0.007447417449392115,0.9577192755200564,0.7162272537437766,0.9786313276817048,0.8474644239086297,0.6935974967255134,0.20562277227958883
2.0,1.0,2.0,2,16,12,12,4096,-22.27631151879874,11.378175123089562,-3.3306690738754696e-15,3.3731550695290546,30.504621872710104,0.007447417449392115,1.0,1.0,0.9999999999999999,0.9999999999999997,1.1378754874205905e-12,3.373326941590787e-13
2.0,1.0,2.0,2,32,1,1,2,-25.394555400303148,1.3617033244155805,6.904199434387692e-15,1.1669204447671575,1.8918752877653904,0.00046188361517709726,0.0197411492035221,-0.052149927499519855,0.14050319997608088,0.1487207133771337,1.155344855840612,0.9900802244245064
2.0,1.0,2.0,2,32,2,2,4,-25.394555400303148,1.3617033244155805,6.904199434387692e-15,1.1669204447671575,1.8918752877653904,0.00046188361517709726,0.13132493044047988,-0.018850894640373594,0.3623878177318872,0.1047319644019391,1.0876018251438044,0.932027397429668
2.0,1.0,2.0,2,32,3,3,8,-25.394555400303148,1.3617033244155805,6.904199434387692e-15,1.1669204447671575,1.8918752877653904,0.00046188361517709726,0.2092857738647086,0.0005190105644992116,0.4574776211627243,0.15078635462835271,1.0376503218286612,0.8892211345527584
2.0,1.0,2.0,2,32,4,4,16,-25.394555400303148,1.3617033244155805,6.904199434387692e-15,1.1669204447671575,1.8918752877653904,0.00046188361517709726,0.3556416724817367,0.046274440596363764,0.5963570008658685,0.2273023185479901,0.936709601048525,0.8027193329665521
2.0,1.0,2.0,2,32,5,5,32,-25.394555400303148,1.3617033244155805,6.904199434387692e-15,1.1669204447671575,1.8918752877653904,0.00046188361517709726,0.4728247687202015,0.03733277078180286,0.6876225481470166,0.23502389838715082,0.8472639877766913,0.7260683378854939
2.0,1.0,2.0,2,32,6,6,64,-25.394555400303148,1.3617033244155805,6.904199434387692e-15,1.1669204447671575,1.8918752877653904,0.00046188361517709726,0.5497382944480309,0.05061311504339183,0.7414433858684224,0.31318877764564806,0.7830216225029463,0.6710154286989009
2.0,1.0,2.0,2,32,8,8,256,-25.394555400303148,1.3617033244155805,6.904199434387692e-15,1.1669204447671575,1.8918752877653904,0.00046188361517709726,0.753093246631146,0.26565024140624993,0.8678094529510171,0.5571101269072255,0.5798394147374163,0.4968971255389351
2.0,1.0,2.0,2,32,10,10,1024,-25.394555400303148,1.3617033244155805,6.904199434387692e-15,1.1669204447671575,1.8918752877653904,0.00046188361517709726,0.92641333691787,0.6277781203757216,0.9625036815087359,0.8029750010177128,0.316548896304483,0.27126861794562684
2.0,1.0,2.0,2,32,12,12,4096,-25.394555400303148,1.3617033244155805,6.904199434387692e-15,1.1669204447671575,1.8918752877653904,0.00046188361517709726,1.0,1.0,1.0,1.0,2.3056489147126215e-12,1.9758407053813178e-12
2.0,1.0,2.0,2,64,1,1,2,-25.422547131544704,1.3500956449121624,1.0783041126671833e-14,1.1619361621501254,1.795883933626797,0.00043844822598310476,0.059860479650485576,-0.058880045266337167,0.2446640138035901,-0.048077635088071405,1.1266225064473419,0.9696079209399622
2.0,1.0,2.0,2,64,2,2,4,-25.422547131544704,1.3500956449121624,1.0783041126671833e-14,1.1619361621501254,1.795883933626797,0.00043844822598310476,0.1856023368845049,-0.0700556384408273,0.4308158967407116,0.08389320742415812,1.048577483164155,0.9024398390560426
2.0,1.0,2.0,2,64,3,3,8,-25.422547131544704,1.3500956449121624,1.0783041126671833e-14,1.1619361621501254,1.795883933626797,0.00043844822598310476,0.321890468922881,-0.09853668387132708,0.5673539185754178,0.09195306759406707,0.9568242914352905,0.8234740621762886
2.0,1.0,2.0,2,64,4,4,16,-25.422547131544704,1.3500956449121624,1.0783041126671833e-14,1.1619361621501254,1.795883933626797,0.00043844822598310476,0.47852381899549334,-0.05031723977148883,0.6917541608082256,0.2163751870761139,0.8390725361371397,0.7221330770740993
2.0,1.0,2.0,2,64,5,5,32,-25.422547131544704,1.3500956449121624,1.0783041126671833e-14,1.1619361621501254,1.795883933626797,0.00043844822598310476,0.6330912269993613,-0.10899027536602612,0.795670300438166,0.2359236807236121,0.7038195340484855,0.605729950556053
2.0,1.0,2.0,2,64,6,6,64,-25.422547131544704,1.3500956449121624,1.0783041126671833e-14,1.1619361621501254,1.795883933626797,0.00043844822598310476,0.725408682075728,-0.12103617433801461,0.8517092708640237,0.2632928287917256,0.6088715319837606,0.5240146161361081
2.0,1.0,2.0,2,64,8,8,256,-25.422547131544704,1.3500956449121624,1.0783041126671833e-14,1.1619361621501254,1.795883933626797,0.00043844822598310476,0.8624018876658271,0.19402082569267853,0.9286559576429941,0.5347036155977343,0.43101115091201697,0.37094219540808915
2.0,1.0,2.0,2,64,10,10,1024,-25.422547131544704,1.3500956449121624,1.0783041126671833e-14,1.1619361621501254,1.795883933626797,0.00043844822598310476,0.9558919411256795,0.5836050679190026,0.9776972645587588,0.7812207876343972,0.24402888802711337,0.21001918691948254
2.0,1.0,2.0,2,64,12,12,4096,-25.422547131544704,1.3500956449121624,1.0783041126671833e-14,1.1619361621501254,1.795883933626797,0.00043844822598310476,1.0,1.0,1.0,1.0,3.1789606962428274e-11,2.7359168255511242e-11
2.0,1.0,2.0,3,1,1,0,1,-12.0,48.0,0.0,6.928203230275509,4096.0,1.0,0.0,0.0,NaN,NaN,6.928203230275509,1.0
2.0,1.0,2.0,3,1,2,0,1,-12.0,48.0,0.0,6.928203230275509,4096.0,1.0,0.0,0.0,NaN,NaN,6.928203230275509,1.0
2.0,1.0,2.0,3,1,3,0,1,-12.0,48.0,0.0,6.928203230275509,4096.0,1.0,0.0,0.0,NaN,NaN,6.928203230275509,1.0
2.0,1.0,2.0,3,1,4,0,1,-12.0,48.0,0.0,6.928203230275509,4096.0,1.0,0.0,0.0,NaN,NaN,6.928203230275509,1.0
2.0,1.0,2.0,3,1,5,0,1,-12.0,48.0,0.0,6.928203230275509,4096.0,1.0,0.0,0.0,NaN,NaN,6.928203230275509,1.0
2.0,1.0,2.0,3,1,6,0,1,-12.0,48.0,0.0,6.928203230275509,4096.0,1.0,0.0,0.0,NaN,NaN,6.928203230275509,1.0
2.0,1.0,2.0,3,1,8,0,1,-12.0,48.0,0.0,6.928203230275509,4096.0,1.0,0.0,0.0,NaN,NaN,6.928203230275509,1.0
2.0,1.0,2.0,3,1,10,0,1,-12.0,48.0,0.0,6.928203230275509,4096.0,1.0,0.0,0.0,NaN,NaN,6.928203230275509,1.0
2.0,1.0,2.0,3,1,12,0,1,-12.0,48.0,0.0,6.928203230275509,4096.0,1.0,0.0,0.0,NaN,NaN,6.928203230275509,1.0
2.0,1.0,2.0,3,4,1,1,2,-14.863182314029235,36.228395232762814,-1.4432899320127035e-15,6.019002843724433,2441.4723298446966,0.5960625805284904,0.0037718665566826015,-0.13816470546862458,0.061415523743419506,-0.0015426412776007906,6.0076406816971195,0.998112284987677
2.0,1.0,2.0,3,4,2,2,4,-14.863182314029235,36.228395232762814,-1.4432899320127035e-15,6.019002843724433,2441.4723298446966,0.5960625805284904,0.09244638990845222,-0.030482685186324243,0.30404997929362676,0.25879899491985636,5.734039665132882,0.9526560817480489
2.0,1.0,2.0,3,4,3,3,8,-14.863182314029235,36.228395232762814,-1.4432899320127035e-15,6.019002843724433,2441.4723298446966,0.5960625805284904,0.17599507825330374,0.08505808279818305,0.41951767335036194,0.39772033577644883,5.46373278801052,0.9077471684046716
2.0,1.0,2.0,3,4,4,4,16,-14.863182314029235,36.228395232762814,-1.4432899320127035e-15,6.019002843724433,2441.4723298446966,0.5960625805284904,0.278524569408511,0.1965253529356178,0.5277542699102585,0.5077739072658017,5.112523550087201,0.84939709829472
2.0,1.0,2.0,3,4,5,5,32,-14.863182314029235,36.228395232762814,-1.4432899320127035e-15,6.019002843724433,2441.4723298446966,0.5960625805284904,0.371581877087962,0.2968193219863282,0.609575161147466,0.5879689495597616,4.771433760232697,0.7927282781079787
2.0,1.0,2.0,3,4,6,6,64,-14.863182314029235,36.228395232762814,-1.4432899320127035e-15,6.019002843724433,2441.4723298446966,0.5960625805284904,0.47278786640390835,0.4034063225764848,0.687595714358304,0.6696445835270987,4.370360345260723,0.7260937498671184
2.0,1.0,2.0,3,4,8,8,256,-14.863182314029235,36.228395232762814,-1.4432899320127035e-15,6.019002843724433,2441.4723298446966,0.5960625805284904,0.6622673121262015,0.6036137751349492,0.8137980782271483,0.7957367867332261,3.497929859118869,0.5811477332604853
2.0,1.0,2.0,3,4,10,10,1024,-14.863182314029235,36.228395232762814,-1.4432899320127035e-15,6.019002843724433,2441.4723298446966,0.5960625805284904,0.8382829830742765,0.7952689465713589,0.9155779502993047,0.8994904422647311,2.420485076394506,0.4021405437477349
2.0,1.0,2.0,3,4,12,12,4096,-14.863182314029235,36.228395232762814,-1.4432899320127035e-15,6.019002843724433,2441.4723298446966,0.5960625805284904,1.0,1.0,1.0,1.0,1.0104136581077136e-12,1.6787060653430274e-13
2.0,1.0,2.0,3,8,1,1,2,-18.083543119824704,23.77569078551265,-7.216449660063518e-16,4.876032278965415,977.4371739906198,0.23863212255630367,0.0037822753036503842,-0.771158450238359,0.0615002057203749,0.007512380422991106,4.8668022948777585,0.9981070707576172
2.0,1.0,2.0,3,8,2,2,4,-18.083543119824704,23.77569078551265,-7.216449660063518e-16,4.876032278965415,977.4371739906198,0.23863212255630367,0.10545347309173514,-0.5195249037449936,0.3247360052284524,0.3077679101539505,4.611774237430233,0.9458046980789776
2.0,1.0,2.0,3,8,3,3,8,-18.083543119824704,23.77569078551265,-7.216449660063518e-16,4.876032278965415,977.4371739906198,0.23863212255630367,0.2181994392275809,-0.31789714987983997,0.46711822831867933,0.44928587011407695,4.311362706716451,0.8841948658369476
2.0,1.0,2.0,3,8,4,4,16,-18.083543119824704,23.77569078551265,-7.216449660063518e-16,4.876032278965415,977.4371739906198,0.23863212255630367,0.3010417719144579,-0.1367102209126716,0.5486727366239905,0.5363704687921834,4.07654445614808,0.8360372169261012
2.0,1.0,2.0,3,8,5,5,32,-18.083543119824704,23.77569078551265,-7.216449660063518e-16,4.876032278965415,977.4371739906198,0.23863212255630367,0.40605282168153745,0.049694342670025815,0.6372227410266663,0.61911908458976,3.7578590253796764,0.7706796859386276
2.0,1.0,2.0,3,8,6,6,64,-18.083543119824704,23.77569078551265,-7.216449660063518e-16,4.876032278965415,977.4371739906198,0.23863212255630367,0.504829525612969,0.23812511794892544,0.7105135646931512,0.6937241843957094,3.431183481707393,0.7036835044158923
2.0,1.0,2.0,3,8,8,8,256,-18.083543119824704,23.77569078551265,-7.216449660063518e-16,4.876032278965415,977.4371739906198,0.23863212255630367,0.6980021511863064,0.5242983084309073,0.8354652303874206,0.8034193260906572,2.6795909149130175,0.5495433093157388
2.0,1.0,2.0,3,8,10,10,1024,-18.083543119824704,23.77569078551265,-7.216449660063518e-16,4.876032278965415,977.4371739906198,0.23863212255630367,0.8897030265480471,0.7820249171500615,0.9432407044588602,0.9025536342287733,1.6193785028125867,0.3321098815933562
2.0,1.0,2.0,3,8,12,12,4096,-18.083543119824704,23.77569078551265,-7.216449660063518e-16,4.876032278965415,977.4371739906198,0.23863212255630367,1.0,1.0,1.0000000000000002,0.9999999999999999,4.524497056617365e-14,9.279054767819056e-15
2.0,1.0,2.0,3,16,1,1,2,-21.868957183593118,13.090687689669096,1.7208456881689926e-15,3.6181055387687486,42.6894925654928,0.010422239395872265,0.048762925076906605,-1.1424974708730677,0.22082328925388853,0.04721700335245726,3.5287883850767505,0.9753138340673189
2.0,1.0,2.0,3,16,2,2,4,-21.868957183593118,13.090687689669096,1.7208456881689926e-15,3.6181055387687486,42.6894925654928,0.010422239395872265,0.1859712165752665,-0.9627006813289012,0.43124380178185245,0.13983854479303465,3.264383031173652,0.9022354368039056
2.0,1.0,2.0,3,16,3,3,8,-21.868957183593118,13.090687689669096,1.7208456881689926e-15,3.6181055387687486,42.6894925654928,0.010422239395872265,0.303272365799527,-0.6924998075498654,0.5507017031020744,0.22049313251685568,3.0200403745778672,0.8347021230358016
2.0,1.0,2.0,3,16,4,4,16,-21.868957183593118,13.090687689669096,1.7208456881689926e-15,3.6181055387687486,42.6894925654928,0.010422239395872265,0.43550409914057786,-0.38651207083554584,0.659927343834591,0.3380691215853538,2.718389144373758,0.751329422330459
2.0,1.0,2.0,3,16,5,5,32,-21.868957183593118,13.090687689669096,1.7208456881689926e-15,3.6181055387687486,42.6894925654928,0.010422239395872265,0.5657928987205245,-0.1358743550914976,0.7521920623886725,0.42534968980575355,2.3841286784664386,0.6589439287826204
2.0,1.0,2.0,3,16,6,6,64,-21.868957183593118,13.090687689669096,1.7208456881689926e-15,3.6181055387687486,42.6894925654928,0.010422239395872265,0.6776777831394714,0.05991977319884745,0.8232118701400457,0.4876591099102202,2.0541225563152197,0.5677342836754959
2.0,1.0,2.0,3,16,8,8,256,-21.868957183593118,13.090687689669096,1.7208456881689926e-15,3.6181055387687486,42.6894925654928,0.010422239395872265,0.8720684417618028,0.36572303021969665,0.9338460482123392,0.6344611810772831,1.2941066704676847,0.3576752133405353
2.0,1.0,2.0,3,16,10,10,1024,-21.868957183593118,13.090687689669096,1.7208456881689926e-15,3.6181055387687486,42.6894925654928,0.010422239395872265,0.9618176387049118,0.7160091866377192,0.9807230183415252,0.8467469350805588,0.706988944021128,0.19540307391412312
2.0,1.0,2.0,3,16,12,12,4096,-21.868957183593118,13.090687689669096,1.7208456881689926e-15,3.6181055387687486,42.6894925654928,0.010422239395872265,1.0,1.0,1.0,1.0,7.226134141803927e-14,1.997214858542518e-14
2.0,1.0,2.0,3,32,1,1,2,-25.399145738650468,1.2287262364361111,3.372302437298913e-15,1.108479244927983,1.9355013232799625,0.0004725345027538971,0.03191789704837944,-0.053267584755098074,0.17865580608640103,0.12165313234121913,1.0906456248116974,0.9839116337108826
2.0,1.0,2.0,3,32,2,2,4,-25.399145738650468,1.2287262364361111,3.372302437298913e-15,1.108479244927983,1.9355013232799625,0.0004725345027538971,0.17307231193756134,-0.04932460516284132,0.4160196052322097,-0.017865308076282418,1.0080018581122616,0.9093556444331538
2.0,1.0,2.0,3,32,3,3,8,-25.399145738650468,1.2287262364361111,3.372302437298913e-15,1.108479244927983,1.9355013232799625,0.0004725345027538971,0.34852739822110357,-0.05166581411825866,0.590362090772353,0.009048484175824243,0.894696304968912,0.8071385270069171
2.0,1.0,2.0,3,32,4,4,16,-25.399145738650468,1.2287262364361111,3.372302437298913e-15,1.108479244927983,1.9355013232799625,0.0004725345027538971,0.4755967312608407,0.01664473122448562,0.6896352160822723,0.18653701657763808,0.8027129342253427,0.7241569365401103
2.0,1.0,2.0,3,32,5,5,32,-25.399145738650468,1.2287262364361111,3.372302437298913e-15,1.108479244927983,1.9355013232799625,0.0004725345027538971,0.597165238028287,0.054759251042050705,0.7727646718298448,0.2706141255455851,0.7035436311865375,0.6346926515816236
2.0,1.0,2.0,3,32,6,6,64,-25.399145738650468,1.2287262364361111,3.372302437298913e-15,1.108479244927983,1.9355013232799625,0.0004725345027538971,0.699706302834335,0.07167637016743644,0.8364844904924034,0.3517482222700786,0.607436205986976,0.5479905995230796
2.0,1.0,2.0,3,32,8,8,256,-25.399145738650468,1.2287262364361111,3.372302437298913e-15,1.108479244927983,1.9355013232799625,0.0004725345027538971,0.8497978220027524,0.2894262089697103,0.9218447927947266,0.5849327471159387,0.4296013930087573,0.3875592574010424
2.0,1.0,2.0,3,32,10,10,1024,-25.399145738650468,1.2287262364361111,3.372302437298913e-15,1.108479244927983,1.9355013232799625,0.0004725345027538971,0.9563012550816881,0.6502458112178677,0.977906567664666,0.8107417942420446,0.2317192145258112,0.20904244764715085
2.0,1.0,2.0,3,32,12,12,4096,-25.399145738650468,1.2287262364361111,3.372302437298913e-15,1.108479244927983,1.9355013232799625,0.0004725345027538971,1.0,1.0,0.9999999999999998,1.0,6.285317539643445e-13,5.670216712133204e-13
2.0,1.0,2.0,3,64,1,1,2,-25.462967224628745,0.8072866553022686,2.2100377083944522e-15,0.8984913217734875,1.6536601837855902,0.00040372563080702886,0.022106037461541828,-0.06647437468374973,0.1486809922671506,0.053397467755014714,0.8885047812240245,0.9888852120132324
2.0,1.0,2.0,3,64,2,2,4,-25.462967224628745,0.8072866553022686,2.2100377083944522e-15,0.8984913217734875,1.6536601837855902,0.00040372563080702886,0.05532132432242731,-0.06916595555847027,0.23520485607748107,0.11848045327048849,0.8732848838856214,0.9719458193117411
2.0,1.0,2.0,3,64,3,3,8,-25.462967224628745,0.8072866553022686,2.2100377083944522e-15,0.8984913217734875,1.6536601837855902,0.00040372563080702886,0.16213030406653473,-0.08403782424906292,0.40265407494093103,0.12192487122046966,0.8224360305879446,0.9153522250661018
2.0,1.0,2.0,3,64,4,4,16,-25.462967224628745,0.8072866553022686,2.2100377083944522e-15,0.8984913217734875,1.6536601837855902,0.00040372563080702886,0.3219868012453878,-0.08018108334395135,0.5674388083709007,0.15929800522257453,0.7398317426776195,0.8234155686860751
2.0,1.0,2.0,3,64,5,5,32,-25.462967224628745,0.8072866553022686,2.2100377083944522e-15,0.8984913217734875,1.6536601837855902,0.00040372563080702886,0.4271164612106212,-0.012237590309149837,0.6535414762741698,0.29119037977852225,0.6800597296613036,0.756890704652514
2.0,1.0,2.0,3,64,6,6,64,-25.462967224628745,0.8072866553022686,2.2100377083944522e-15,0.8984913217734875,1.6536601837855902,0.00040372563080702886,0.5224447822206064,-0.011953508566923787,0.7228034187942153,0.2680380309335353,0.6209057533017981,0.6910537010821908
2.0,1.0,2.0,3,64,8,8,256,-25.462967224628745,0.8072866553022686,2.2100377083944522e-15,0.8984913217734875,1.6536601837855902,0.00040372563080702886,0.7741635122346298,0.18253738549812004,0.879865621691534,0.5027088565298614,0.4269833519627168,0.4752225665573659
2.0,1.0,2.0,3,64,10,10,1024,-25.462967224628745,0.8072866553022686,2.2100377083944522e-15,0.8984913217734875,1.6536601837855902,0.00040372563080702886,0.9400709796968786,0.6002435201945712,0.9695725757759855,0.7915364388245208,0.21995430970101124,0.24480404470335265
2.0,1.0,2.0,3,64,12,12,4096,-25.462967224628745,0.8072866553022686,2.2100377083944522e-15,0.8984913217734875,1.6536601837855902,0.00040372563080702886,1.0,1.0,0.9999999999999999,1.0,2.088887228624875e-13,2.324883032260928e-13
