h,N,nsamples,run,success,energy_error,abs_mz_error,mx_error,instantaneous_coverage,cumulative_coverage,final_variance,max_variance,mean_acceptance,final_acceptance,mean_unique_fraction,final_unique_fraction,final_fit_mse,max_fit_mse,runtime
0.5,12,32,1,true,0.09402863517848203,0.002296726960997697,0.02503013572245688,0.0009765625,0.205078125,0.954013199208285,15.87487515976611,0.23109375,0.04947916666666667,0.5533333333333333,0.125,3.9412230381940394e-30,2.7862960150086895,0.1904027
0.5,12,32,2,true,0.04648945484960443,0.004606207148477259,0.0008811062672179348,0.00146484375,0.191650390625,0.042554817660918745,14.992101920200641,0.16669270833333333,0.0390625,0.38083333333333336,0.1875,1.8777187754743535e-6,2.6868385116181233,0.13403110000000001
0.5,12,32,3,true,0.02749037183417613,0.0006911731151155731,0.012539590423522373,0.00146484375,0.198486328125,0.06197431356808551,19.85546859940724,0.20196180555555554,0.033854166666666664,0.44645833333333335,0.1875,0.0008318804754821569,2.6284808632169323,0.16143090000000002
0.5,12,32,4,true,0.05278580318261028,0.0007087589920294901,0.010416111485746365,0.001953125,0.1787109375,0.24397263253279144,13.800267549264674,0.14731770833333335,0.04557291666666667,0.3752083333333333,0.25,0.0005789181527200335,2.711006883632559,0.1472526
0.5,12,32,5,true,0.019423145586221935,0.0020579527005921694,0.0005027005113943939,0.0009765625,0.17138671875,0.1492409853654628,15.392938941240047,0.160390625,0.05859375,0.369375,0.125,2.686672272420194e-32,3.917757994822918,0.14931850000000002
0.5,12,64,1,true,0.04415797590974435,0.0033042703079936286,0.008887309188565062,0.002685546875,0.33935546875,0.26843337185299565,16.115377069635425,0.19642795138888894,0.04036458333333333,0.43625,0.171875,0.007278604909000489,4.851646077293297,0.3665776
0.5,12,64,2,true,0.050307133054362296,0.002466703799566705,0.008006892759573059,0.001953125,0.283447265625,0.14241777363042019,13.561561781354467,0.15273003472222224,0.03841145833333333,0.35552083333333334,0.125,4.779435898239974e-31,4.500541870465945,0.31797770000000003
0.5,12,64,3,true,0.04256276570767881,0.000963962573461763,0.009951247037326083,0.002197265625,0.284423828125,0.0025436670717502523,13.073323536657849,0.15093315972222218,0.033854166666666664,0.3385416666666667,0.140625,0.0001664148743974904,4.331838188661211,0.3213655
0.5,12,64,4,true,0.01375418622036051,0.0018534739667099842,0.012524779536179892,0.001708984375,0.28759765625,0.05445770245198103,11.941132994080288,0.16054253472222219,0.020182291666666668,0.33645833333333336,0.109375,0.0007631861797878641,4.637993407675826,0.2743761
0.5,12,64,5,true,0.09754165766944567,0.0016475332236848272,0.02869904023457498,0.00244140625,0.278076171875,0.06962520355654851,13.812210942410092,0.15027777777777773,0.033203125,0.3425,0.15625,0.0038355450431973065,3.915456587232161,0.3385093
0.5,12,128,1,true,0.011831394805620121,0.0013072627283082783,0.008533639113764369,0.003662109375,0.459716796875,0.14895987643919356,12.609375,0.1606011284722222,0.0302734375,0.3143229166666667,0.1171875,0.001043604044847526,6.664263167388169,0.6111879
0.5,12,128,2,true,0.035309697334517054,0.0020890506727397895,0.005227054991023994,0.004638671875,0.4423828125,0.08728685635145912,13.30859375,0.16811414930555554,0.030598958333333336,0.3371354166666667,0.1484375,0.009004337798694017,7.146852453102458,0.6744309
0.5,12,128,3,true,0.03628196359479041,0.0006387673771598434,0.01887050727261541,0.004150390625,0.486572265625,0.25939270590204855,13.666009221166014,0.17680338541666665,0.029622395833333336,0.35520833333333335,0.1328125,0.018817619230704873,6.706116426136775,0.7108029
0.5,12,128,4,true,0.03749950499894794,0.0010506430540222489,0.00812404474120898,0.00390625,0.4814453125,0.10705984469863594,15.522622954360925,0.1778342013888889,0.031901041666666664,0.35010416666666666,0.125,0.0010136710646541263,7.554025452542313,0.6682925000000001
0.5,12,128,5,true,0.024409276384314893,0.0027364059831136434,0.0014940988992663828,0.003662109375,0.498779296875,0.01933395391549236,13.0771484375,0.17956814236111115,0.03190104166666667,0.35213541666666665,0.1171875,0.000503521225552431,7.699016955266956,0.659319
0.5,12,256,1,true,0.007421887824534679,0.0006979702164713331,0.0017891613509719018,0.007080078125,0.6650390625,0.10972133198525834,13.236776266818636,0.17589409722222224,0.03645833333333333,0.298125,0.11328125,0.0030838145644092214,7.648286558213037,1.2413399
0.5,12,256,2,true,0.007554943145441584,0.0010746692001263325,0.001418390208374698,0.006591796875,0.677490234375,0.022257234601476595,11.4712742305251,0.184716796875,0.03971354166666667,0.31768229166666667,0.10546875,0.004124873505108745,7.9114391400756485,1.4139482
0.5,12,256,3,true,0.01277139355554624,0.0011690409861527806,0.0015886338484097373,0.0078125,0.662841796875,0.07408228785670032,10.9950084480735,0.1800520833333333,0.03597005208333333,0.307265625,0.125,0.007344928809541502,6.931224036470947,1.3436588
0.5,12,256,4,true,0.008287923223797122,0.0002957334701606529,0.003341601395286997,0.006591796875,0.67822265625,0.08460038893225998,12.1005859375,0.18038953993055556,0.0380859375,0.30010416666666667,0.10546875,0.005483572134772544,8.376505112569538,1.3515984
0.5,12,256,5,true,0.01043281411373087,0.0024405721554869864,0.002331856939001953,0.008056640625,0.6845703125,0.0363013685828096,13.094200941963015,0.193310546875,0.038411458333333336,0.3309375,0.12890625,0.0023264607860791807,8.35970816053347,1.380954
0.5,12,512,1,true,0.005047092477024506,0.00046119299066904595,0.0011233970162125018,0.0087890625,0.82470703125,0.005316722236155936,13.601827239056899,0.18626627604166668,0.03499348958333333,0.26524739583333334,0.0703125,0.0005092343049946166,8.79398794823374,2.5519760000000002
0.5,12,512,2,true,0.005095418028618681,0.0006663688903283393,0.0007520574319075379,0.009521484375,0.8525390625,0.024101974489841985,12.374895653690492,0.19792100694444445,0.03507486979166667,0.28369791666666666,0.076171875,0.003406469016925653,8.41000285246723,2.6094968
0.5,12,512,3,true,0.005593897997499653,0.0008872854039583267,0.0005325541197935824,0.01025390625,0.8388671875,0.020650187470060755,12.339253472491567,0.19183648003472226,0.035807291666666664,0.27401041666666665,0.08203125,0.0016237883998637276,8.599479532534295,2.5988853
0.5,12,512,4,true,0.004669114619561654,0.00042783801282553213,0.0016933207874911815,0.009033203125,0.86083984375,0.0035710490362611705,11.363037109375,0.19412706163194443,0.03670247395833333,0.27763020833333335,0.072265625,0.0011963502562053105,8.29701489515071,2.6272729000000004
0.5,12,512,5,true,0.0056554702051379024,9.749247044066323e-5,0.0030956764121136127,0.010498046875,0.838623046875,0.04857482872588428,12.4912109375,0.19158582899305554,0.033447265625,0.276328125,0.083984375,0.0014514679774941318,8.505890000770853,2.586965
0.5,12,1024,1,true,0.0038312577331520714,0.0003520002315806625,0.0030435864068785734,0.00927734375,0.94921875,0.014079960593476071,11.515609741210938,0.19968315972222223,0.0335693359375,0.2328515625,0.037109375,0.001507505727460218,8.250448268771267,5.1281078
0.5,12,1024,2,true,0.004815288370634718,0.0003716257089856345,0.0011875469018927665,0.013427734375,0.94970703125,0.023952580713519658,11.737808032916858,0.19852349175347223,0.03824869791666667,0.23113932291666667,0.0537109375,0.008832476123648897,8.18184186363851,5.244233
0.5,12,1024,3,true,0.003833396471792483,0.00059984923553702,0.00039938253583282624,0.013427734375,0.9521484375,0.013427246890588261,11.833740234375,0.20020968967013889,0.03361002604166667,0.23370442708333333,0.0537109375,0.006126504137909692,8.468710012768428,5.099257000000001
0.5,12,1024,4,true,0.003746649423078452,0.00033061825332247885,0.0007578332535609911,0.0126953125,0.950439453125,0.026661717539663718,11.670639038085938,0.19955756293402777,0.038045247395833336,0.23311197916666668,0.05078125,0.006495547684286452,8.117564458485093,5.1099638
0.5,12,1024,5,true,0.0036996208300372757,0.00015944667130574075,0.0012065155666884375,0.0107421875,0.955078125,0.009052664816728659,11.822616577148438,0.20170871310763888,0.036051432291666664,0.23330729166666667,0.04296875,0.0028218703430365455,8.394067098725401,5.0733812
0.9,12,32,1,true,0.1972891009554143,0.0894090721334343,0.10554476583132899,0.0029296875,0.2158203125,2.095130104891608,26.359375,0.2416840277777778,0.09375,0.559375,0.375,0.00796119076975268,4.191666666666667,0.1974016
0.9,12,32,2,true,0.2279518866326793,0.0597440947262633,0.07375479717977718,0.00390625,0.2392578125,1.436414627522519,30.644937667132364,0.2664670138888889,0.11197916666666666,0.6016666666666667,0.5,0.08204977597885714,2.348911937251234,0.2038098
0.9,12,32,3,true,0.2226952794162429,0.056328007927384016,0.07744207464603142,0.004150390625,0.267822265625,0.6423506286677669,36.5462964924879,0.32440104166666667,0.17057291666666669,0.6989583333333333,0.53125,0.2088054502652461,2.760884954959228,0.2190454
0.9,12,32,4,true,0.28490960400205445,0.04331570807775087,0.06444904689541076,0.00341796875,0.259765625,0.809736872948122,20.833748434087767,0.2786197916666667,0.11458333333333334,0.621875,0.4375,0.08013284507947843,2.495875436294044,0.24652700000000002
0.9,12,32,5,true,0.22788882039420422,0.06174049697461281,0.07359969242054742,0.003662109375,0.255126953125,1.9993318643191413,14.173374366145207,0.2717708333333333,0.140625,0.6370833333333333,0.46875,0.06476710355732983,2.7245858961882616,0.2248516
0.9,12,64,1,true,0.20965089827052985,0.0637432985280626,0.08945325854036007,0.00634765625,0.37353515625,0.6838037565102982,13.647045117293253,0.26278211805555557,0.123046875,0.5539583333333333,0.40625,0.10002709108625471,5.008687395510312,0.4168656
0.9,12,64,2,true,0.13705090602993053,0.048613569304314264,0.056041564085623774,0.004638671875,0.385986328125,0.16826888434432344,14.213344789932663,0.28640625,0.14127604166666669,0.5928125,0.296875,0.033716568802344526,4.407287164801539,0.42400190000000004
0.9,12,64,3,true,0.13193664838619767,0.07123313648664287,0.07481286079082966,0.00732421875,0.4013671875,0.984031712909448,15.039068733812831,0.2809982638888889,0.13151041666666666,0.5765625,0.46875,0.12242341397820276,4.73511904761905,0.378116
0.9,12,64,4,true,0.1999436940533581,0.06252197967396089,0.07668984959569497,0.006103515625,0.37890625,2.0623907807644177,11.652343750000002,0.26244791666666667,0.1328125,0.5698958333333334,0.390625,0.03423469059348563,4.371428571428571,0.42292840000000004
0.9,12,64,5,true,0.21659957479820413,0.052937450899317784,0.07048808450736993,0.005126953125,0.412353515625,0.6924784800162437,13.214843750000005,0.2924565972222222,0.13151041666666669,0.6198958333333333,0.328125,0.04432310575613015,4.550922917984558,0.42113300000000004
0.9,12,128,1,true,0.2464970311580803,0.03313826318213953,0.0509433490870318,0.010498046875,0.583984375,1.5411787290909404,12.567495409280308,0.30170355902777773,0.16569010416666669,0.58015625,0.3359375,0.33003872034152876,7.2403589466089535,0.8995095000000001
0.9,12,128,2,true,0.2604544155359889,0.000754595289766069,0.03008559546381262,0.012939453125,0.5927734375,1.3023003044981127,14.937500000000004,0.31505208333333334,0.17740885416666669,0.6005729166666667,0.4140625,0.39178374789311193,6.793411796536797,0.9274788
0.9,12,128,3,true,0.29931876458628537,0.029909150673532503,0.059256113597380256,0.010986328125,0.567138671875,1.2328618943060508,11.573918220807183,0.29398003472222217,0.14680989583333331,0.5603645833333334,0.3515625,0.46710509073421963,6.381380742045803,0.8861438
0.9,12,128,4,true,0.19932443348223217,0.04173194274923131,0.05864920110912508,0.011474609375,0.601318359375,1.3736416763876356,12.805493632270114,0.31342230902777785,0.1484375,0.5878125,0.3671875,0.3718621160307556,6.335292091581355,0.8840862
0.9,12,128,5,true,0.19898874793855725,0.016962272185085725,0.030944061192458516,0.013427734375,0.601318359375,1.435592729385328,11.922947415258417,0.30858940972222226,0.18098958333333331,0.5738020833333334,0.4296875,0.31046350252105115,5.582094785672665,0.8608340000000001
0.9,12,256,1,true,0.09533794626938352,0.007467051936896896,0.022344337352665944,0.022216796875,0.77392578125,0.47121137223755855,12.372303207153987,0.33262261284722217,0.18326822916666669,0.543671875,0.35546875,0.30522985206121783,7.720493488466721,1.7162392000000002
0.9,12,256,2,true,0.08430217977181442,0.009035984616082127,0.023866575903491283,0.024169921875,0.789794921875,0.4233487147553223,11.926006967811295,0.3401822916666667,0.18343098958333331,0.5503385416666666,0.38671875,0.22707908571083127,7.790372423153936,1.7000932000000002
0.9,12,256,3,true,0.06503398546167993,0.0075478625047087355,0.013582048114188505,0.02001953125,0.7724609375,0.3045170923034804,12.675537109375009,0.3349142795138889,0.17366536458333331,0.5431510416666666,0.3203125,0.13969758798606163,6.617568975357295,1.7327491000000002
0.9,12,256,4,true,0.06003928786488366,0.005095366410156288,0.0004622801817084632,0.022705078125,0.7841796875,0.25330582935106755,10.861903162943456,0.3415700954861111,0.18912760416666669,0.5601041666666666,0.36328125,0.151896471437097,7.378012817774336,1.7913863
0.9,12,256,5,true,0.06131171572655347,0.0036728168735209454,0.011472637450836043,0.0224609375,0.7802734375,0.6571343053537855,11.788200986122154,0.3393337673611111,0.18603515625,0.5555729166666666,0.359375,0.338600133039869,6.888393449479127,1.756507
0.9,12,512,1,true,0.015570255579049785,0.008267684501861994,0.004369151329727594,0.0361328125,0.9130859375,0.11426076495273121,12.028259277343757,0.3631548394097222,0.20166015625,0.5075260416666667,0.2890625,0.07906370715158445,8.305770484623565,3.5594043
0.9,12,512,2,true,0.019698718211181188,0.007602840145032097,0.003225727312228366,0.037841796875,0.91015625,0.18501838095646975,13.741943359375002,0.3603005642361111,0.19523111979166669,0.5051822916666666,0.302734375,0.10303530990681146,9.242860427996547,3.5739741
0.9,12,512,3,true,0.01806975115608367,0.006665771452272762,0.0011323285987335785,0.038818359375,0.91552734375,0.12545803689281512,11.720496539832865,0.35938368055555553,0.19938151041666669,0.5057291666666667,0.310546875,0.09078332509794382,8.19226853001301,3.4683422000000004
0.9,12,512,4,true,0.01570233692446088,0.007151842681432097,0.0033592272140475776,0.037109375,0.908447265625,0.14028662065389924,11.902343750000004,0.35581705729166674,0.189208984375,0.4990104166666667,0.296875,0.1086745770765478,7.856031457588561,3.5070261
0.9,12,512,5,true,0.01813376014845325,0.006205988597820844,0.0012843796240625815,0.036865234375,0.912109375,0.10817053303341961,11.310302734375007,0.35862684461805555,0.1943359375,0.5013932291666666,0.294921875,0.07351643253505244,8.229955059533372,3.5386737000000004
0.9,12,1024,1,true,0.007677922923486236,0.009710757990926133,0.0046396632118297365,0.0625,0.9775390625,0.04464957736833962,11.482528686523443,0.36765543619791663,0.196533203125,0.43044921875,0.25,0.03971148682902855,8.19637446273443,6.8756883
0.9,12,1024,2,true,0.0075265459894051645,0.007273539799837581,0.002005440026270122,0.060302734375,0.981201171875,0.06381297039816831,12.733398437500002,0.3723128255208334,0.19022623697916666,0.4347265625,0.2412109375,0.05049902580694171,8.989710560731812,6.8306091
0.9,12,1024,3,true,0.006499888921837282,0.010450315824775736,0.004782280584800014,0.062255859375,0.977294921875,0.05071607988720138,12.105941772460948,0.3709334309895833,0.203125,0.43399739583333335,0.2490234375,0.0414814280534806,8.624123452538669,6.8591074
0.9,12,1024,4,true,0.00687327083397804,0.008380965056738354,0.003650443589047647,0.0693359375,0.9765625,0.058723196891553364,12.898666381835943,0.3647078450520833,0.2080078125,0.4278515625,0.27734375,0.050389239008771076,8.641823628509487,6.910592500000001
0.9,12,1024,5,true,0.00786020711390023,0.009582827949238149,0.00427941404326837,0.060546875,0.97607421875,0.04187266563985628,11.694800599438134,0.36883572048611113,0.20235188802083334,0.42969401041666666,0.2421875,0.03139258152359814,8.476691958736044,6.8081984
1.5,12,32,1,true,3.7630296940810943,0.32310596831515725,0.3463746041941319,0.005859375,0.35791015625,15.336336138893458,78.36198306730653,0.39360243055555555,0.2591145833333333,0.8635416666666667,0.75,0.8142315508397319,28.001809826448824,0.2967214
1.5,12,32,2,false,NaN,NaN,NaN,0.005615234375,0.32373046875,NaN,NaN,0.3067708333333333,0.0,0.8520833333333333,0.71875,NaN,NaN,0.26030030000000004
1.5,12,32,3,true,4.1730071550292465,0.28898799550041765,0.35629614462728876,0.004638671875,0.35498046875,35.47750664342895,161.586504291502,0.3786197916666666,0.21354166666666669,0.8508333333333333,0.59375,0.3941141448051767,18.938965979839494,0.2969967
1.5,12,32,4,true,7.373936042988911,0.003982763493165231,0.3632315727271973,0.0068359375,0.3291015625,42.12177304771494,69.93788106013476,0.37376736111111114,0.29036458333333337,0.8477083333333333,0.875,1.9945504516598653,9.66645587562572,0.27438690000000004
1.5,12,32,5,true,2.993427008020298,0.33305485717290173,0.3089249697184979,0.00537109375,0.30859375,13.826446550402572,120.41020595354169,0.37235243055555556,0.23567708333333331,0.8254166666666667,0.6875,0.9180690773491113,11.838918864047294,0.2407661
1.5,12,64,1,false,NaN,NaN,NaN,0.01025390625,0.489013671875,NaN,NaN,0.2938498263888889,0.0,0.775,0.65625,NaN,NaN,0.5117547
1.5,12,64,2,true,2.492982647053747,0.35094094554883914,0.31163268967925206,0.010498046875,0.51513671875,5.641795508616164,34.35750298920629,0.4218098958333333,0.26236979166666663,0.8116666666666666,0.671875,1.3901955466329559,11.167053348220122,0.5524419
1.5,12,64,3,true,3.7853941159729594,0.3357527727569579,0.35865428057654003,0.0087890625,0.5283203125,36.02779579580792,59.0820855634592,0.3914930555555556,0.22135416666666666,0.7983333333333333,0.5625,1.998588823643207,19.21719990402314,0.5476696
1.5,12,64,4,true,3.8997794736866567,0.26237636452154045,0.36437933693835567,0.01025390625,0.532470703125,10.557762924203164,101.02621473634674,0.40968315972222225,0.28059895833333337,0.8411458333333334,0.65625,5.162757193473737,22.043906888163857,0.6013528
1.5,12,64,5,false,NaN,NaN,NaN,0.010498046875,0.5576171875,NaN,NaN,0.38930555555555557,0.0,0.8339583333333334,0.671875,NaN,NaN,0.6086388
1.5,12,128,1,true,3.285387588911398,0.12595258611459426,0.26087558253747334,0.025146484375,0.78076171875,36.99217338702282,59.29389529330578,0.5146983506944445,0.31477864583333337,0.8872916666666667,0.8046875,17.072401282644158,25.526542515545216,1.2835480000000001
1.5,12,128,2,true,4.0867245549012114,0.08998812169604026,0.25064201401925024,0.022705078125,0.78662109375,22.383303504688897,59.75707668236828,0.5200347222222224,0.3639322916666667,0.8886458333333334,0.7265625,9.539086193797388,33.054585068198904,1.2645446
1.5,12,128,3,true,3.0790859409556113,0.0284639793482937,0.2147757576830519,0.02734375,0.795654296875,25.42725517419599,40.165344036519876,0.5416753472222223,0.37825520833333337,0.91265625,0.875,14.760832230847239,22.07558607336629,1.3181386000000002
1.5,12,128,4,true,2.195534044495094,0.05931529937366087,0.15155547607793196,0.02734375,0.800048828125,17.733485480471135,33.799343854914646,0.5558289930555554,0.39680989583333337,0.91421875,0.875,11.076397097367181,20.672311851426958,1.2953046000000001
1.5,12,128,5,true,2.4827104449457984,0.0611075058142862,0.1726559034483759,0.0263671875,0.801025390625,19.45727342422675,28.25357985188297,0.5414322916666667,0.4130859375,0.9094791666666666,0.84375,12.918823857266226,17.37191916565811,1.2821032
1.5,12,256,1,true,0.07725720756979726,0.009877650003910221,0.008649375196471354,0.054443359375,0.934814453125,0.5694192340682672,12.612076695911142,0.6275130208333334,0.57861328125,0.88984375,0.87109375,0.44982979801865813,6.133591490939175,2.6603105
1.5,12,256,2,true,0.07288150622715506,0.00029151925275799906,0.0034868387530708755,0.0556640625,0.931640625,0.7480587700525475,12.562255859375,0.6254958767361112,0.5963541666666667,0.8908333333333334,0.890625,0.5758077284280636,8.145308123249304,2.6403233000000004
1.5,12,256,3,true,0.0917789289267823,0.004782628775954034,0.006592268388953326,0.05517578125,0.93603515625,1.0585425826597927,13.282958984375,0.6264811197916668,0.6142578125,0.890859375,0.8828125,0.8468419212650098,8.14908895740697,2.622598
1.5,12,256,4,true,0.08163364595903388,0.00327074816089834,0.007856199314977719,0.053955078125,0.932373046875,0.878501850382148,11.407958984375,0.6223328993055556,0.5826822916666667,0.8858333333333334,0.86328125,0.6629998616791447,6.995910924513466,2.6224329
1.5,12,256,5,true,0.08495770848723794,0.00792354306062859,0.0097176704751607,0.05419921875,0.931884765625,0.6768076617504395,10.909912109375,0.6269986979166666,0.5880533854166667,0.88953125,0.8671875,0.530966851263965,6.6511492434905914,2.618551
1.5,12,512,1,true,0.006864192658358803,0.0008293361842505176,0.00045851670830010516,0.098876953125,0.984130859375,0.07660164386099229,12.685302734375,0.6419129774305556,0.6057942708333333,0.8221875,0.791015625,0.06816185527834069,9.033650927794246,5.0423591000000005
1.5,12,512,2,true,0.00469060541914601,0.000763395387873067,3.096100369948118e-5,0.09814453125,0.984130859375,0.044883068923036916,11.921875,0.6405539279513889,0.5999348958333334,0.8213541666666667,0.78515625,0.03797723132096303,7.673743080397463,5.094416300000001
1.5,12,512,3,true,0.0058184101594704885,8.618789996334142e-5,0.000208828826461116,0.1005859375,0.9814453125,0.07045314396890215,12.43060302734375,0.6417263454861112,0.6192220052083334,0.8222265625,0.8046875,0.05997604316176617,7.8644536289246405,5.0638534
1.5,12,512,4,true,0.00913750421980808,8.361123256267478e-5,0.0012077225215623155,0.09423828125,0.986328125,0.10309210582673595,12.117778849193472,0.6392827690972221,0.609130859375,0.8220833333333334,0.75390625,0.0919456992959044,8.52012049531006,5.0888308
1.5,12,512,5,true,0.006489967697643095,0.0009757136093630492,0.0002452278522191431,0.096923828125,0.984619140625,0.07964299149253604,12.3740234375,0.6429611545138889,0.617919921875,0.8260416666666667,0.775390625,0.0695070568053114,8.58447576933331,5.0582146
1.5,12,1024,1,true,0.0020582506245148124,0.000345515757668835,0.00010498667143876705,0.178466796875,0.99853515625,0.025977748387678006,11.810302734375,0.6441569010416667,0.60107421875,0.720234375,0.7138671875,0.02427311664219408,8.401075113231407,9.697492200000001
1.5,12,1024,2,true,0.001765678936365589,0.00013894500020672496,1.1093622158675487e-5,0.1689453125,0.998291015625,0.022559280243698333,12.81195068359375,0.6454348415798612,0.60498046875,0.7223697916666667,0.67578125,0.02081783131041252,8.8366969377577,10.021774800000001
1.5,12,1024,3,true,0.0023185270710648354,0.0002917711987102667,0.00035105073386465513,0.176513671875,0.99755859375,0.029611456574541763,11.635238647460938,0.6454117838541666,0.6158854166666667,0.7231184895833334,0.7060546875,0.0276688897718161,8.186168606406603,10.4929541
1.5,12,1024,4,true,0.0011277876402289166,0.00015701085089991906,0.0001368347510103396,0.176513671875,0.997314453125,0.013428802703179754,11.90325927734375,0.644770236545139,0.6182861328125,0.7246549479166666,0.7060546875,0.012307252064769294,8.1868977231555,10.5986781
1.5,12,1024,5,true,0.003928038984145843,0.0010304788243837848,0.000789646655914078,0.1767578125,0.998779296875,0.05162026918356895,11.355941772460938,0.6438264973958332,0.6071370442708333,0.72205078125,0.70703125,0.04744589556055744,8.091110325743712,10.200503300000001
