N,J,h,nsamples,run,success,energy_error,abs_mz_error,mx_error,logamp_variance,logamp_std,logamp_range,instantaneous_coverage,cumulative_coverage,final_variance,final_fit_mse,mean_acceptance,final_unique_fraction,runtime,exact_model_variance
12,0.0,1.0,32,1,true,0.0,2.220446049250313e-16,7.276401703393276e-13,0.0,0.0,0.0,0.0078125,0.689697265625,0.0,0.0,1.0,1.0,0.0175319,0.0
12,0.0,1.0,32,2,true,0.0,2.220446049250313e-16,7.276401703393276e-13,0.0,0.0,0.0,0.007568359375,0.675537109375,0.0,0.0,1.0,0.96875,0.016886500000000002,0.0
12,0.0,1.0,32,3,true,0.0,2.220446049250313e-16,7.276401703393276e-13,0.0,0.0,0.0,0.0078125,0.686767578125,0.0,0.0,1.0,1.0,0.026968100000000002,0.0
12,0.0,1.0,32,4,true,0.0,2.220446049250313e-16,7.276401703393276e-13,0.0,0.0,0.0,0.0078125,0.681884765625,0.0,0.0,1.0,1.0,0.026179,0.0
12,0.0,1.0,32,5,true,0.0,2.220446049250313e-16,7.276401703393276e-13,0.0,0.0,0.0,0.007568359375,0.68603515625,0.0,0.0,1.0,0.96875,0.0322536,0.0
12,0.0,1.0,64,1,true,0.0,2.220446049250313e-16,7.276401703393276e-13,0.0,0.0,0.0,0.015380859375,0.89697265625,0.0,0.0,1.0,0.984375,0.0512519,0.0
12,0.0,1.0,64,2,true,0.0,2.220446049250313e-16,7.276401703393276e-13,0.0,0.0,0.0,0.015380859375,0.8974609375,0.0,0.0,1.0,0.984375,0.051703200000000005,0.0
12,0.0,1.0,64,3,true,0.0,2.220446049250313e-16,7.276401703393276e-13,0.0,0.0,0.0,0.015380859375,0.90185546875,0.0,0.0,1.0,0.984375,0.0398666,0.0
12,0.0,1.0,64,4,true,0.0,2.220446049250313e-16,7.276401703393276e-13,0.0,0.0,0.0,0.015625,0.903076171875,0.0,0.0,1.0,1.0,0.0359589,0.0
12,0.0,1.0,64,5,true,0.0,2.220446049250313e-16,7.276401703393276e-13,0.0,0.0,0.0,0.014892578125,0.8935546875,0.0,0.0,1.0,0.953125,0.0362847,0.0
12,0.0,1.0,128,1,true,0.0,2.220446049250313e-16,7.276401703393276e-13,0.0,0.0,0.0,0.03076171875,0.987548828125,0.0,0.0,1.0,0.984375,0.0704609,0.0
12,0.0,1.0,128,2,true,0.0,2.220446049250313e-16,7.276401703393276e-13,0.0,0.0,0.0,0.030029296875,0.99072265625,0.0,0.0,1.0,0.9609375,0.0745026,0.0
12,0.0,1.0,128,3,true,0.0,2.220446049250313e-16,7.276401703393276e-13,0.0,0.0,0.0,0.03076171875,0.991943359375,0.0,0.0,1.0,0.984375,0.07768090000000001,0.0
12,0.0,1.0,128,4,true,0.0,2.220446049250313e-16,7.276401703393276e-13,0.0,0.0,0.0,0.0302734375,0.990966796875,0.0,0.0,1.0,0.96875,0.07094270000000001,0.0
12,0.0,1.0,128,5,true,0.0,2.220446049250313e-16,7.276401703393276e-13,0.0,0.0,0.0,0.031005859375,0.991455078125,0.0,0.0,1.0,0.9921875,0.125425,0.0
12,0.0,1.0,256,1,true,0.0,2.220446049250313e-16,7.276401703393276e-13,0.0,0.0,0.0,0.059814453125,1.0,0.0,0.0,1.0,0.95703125,0.1443655,0.0
12,0.0,1.0,256,2,true,0.0,2.220446049250313e-16,7.276401703393276e-13,0.0,0.0,0.0,0.05859375,0.999755859375,0.0,0.0,1.0,0.9375,0.1467909,0.0
12,0.0,1.0,256,3,true,0.0,2.220446049250313e-16,7.276401703393276e-13,0.0,0.0,0.0,0.061279296875,0.999755859375,0.0,0.0,1.0,0.98046875,0.1470137,0.0
12,0.0,1.0,256,4,true,0.0,2.220446049250313e-16,7.276401703393276e-13,0.0,0.0,0.0,0.060302734375,0.999755859375,0.0,0.0,1.0,0.96484375,0.1438635,0.0
12,0.0,1.0,256,5,true,0.0,2.220446049250313e-16,7.276401703393276e-13,0.0,0.0,0.0,0.0595703125,0.999755859375,0.0,0.0,1.0,0.953125,0.1504636,0.0
12,0.0,1.0,512,1,true,0.0,2.220446049250313e-16,7.276401703393276e-13,0.0,0.0,0.0,0.11767578125,1.0,0.0,0.0,1.0,0.94140625,0.2921513,0.0
12,0.0,1.0,512,2,true,0.0,2.220446049250313e-16,7.276401703393276e-13,0.0,0.0,0.0,0.117919921875,1.0,0.0,0.0,1.0,0.943359375,0.3497486,0.0
12,0.0,1.0,512,3,true,0.0,2.220446049250313e-16,7.276401703393276e-13,0.0,0.0,0.0,0.114990234375,1.0,0.0,0.0,1.0,0.919921875,0.2889874,0.0
12,0.0,1.0,512,4,true,0.0,2.220446049250313e-16,7.276401703393276e-13,0.0,0.0,0.0,0.117431640625,1.0,0.0,0.0,1.0,0.939453125,0.2979453,0.0
12,0.0,1.0,512,5,true,0.0,2.220446049250313e-16,7.276401703393276e-13,0.0,0.0,0.0,0.119140625,1.0,0.0,0.0,1.0,0.953125,0.32388910000000004,0.0
12,0.0,1.0,1024,1,true,0.0,2.220446049250313e-16,7.276401703393276e-13,0.0,0.0,0.0,0.219970703125,1.0,0.0,0.0,1.0,0.8798828125,0.5482648,0.0
12,0.0,1.0,1024,2,true,0.0,2.220446049250313e-16,7.276401703393276e-13,0.0,0.0,0.0,0.219482421875,1.0,0.0,0.0,1.0,0.8779296875,0.5862374,0.0
12,0.0,1.0,1024,3,true,0.0,2.220446049250313e-16,7.276401703393276e-13,0.0,0.0,0.0,0.2197265625,1.0,0.0,0.0,1.0,0.87890625,0.5507106,0.0
12,0.0,1.0,1024,4,true,0.0,2.220446049250313e-16,7.276401703393276e-13,0.0,0.0,0.0,0.221923828125,1.0,0.0,0.0,1.0,0.8876953125,0.5557267,0.0
12,0.0,1.0,1024,5,true,0.0,2.220446049250313e-16,7.276401703393276e-13,0.0,0.0,0.0,0.2216796875,1.0,0.0,0.0,1.0,0.88671875,0.5610836,0.0
