h,N,nsamples,run,energy_error,abs_mz_error,mx_error,instantaneous_coverage,cumulative_coverage,runtime
0.5,12,32,1,0.09402863517848203,0.002296726960997697,0.02503013572245688,0.0009765625,0.205078125,0.3079767
0.5,12,32,2,0.04648945484960443,0.004606207148477259,0.0008811062672179348,0.00146484375,0.191650390625,0.1446056
0.5,12,32,3,0.02749037183417613,0.0006911731151155731,0.012539590423522373,0.00146484375,0.198486328125,0.16873090000000002
0.5,12,32,4,0.05278580318261028,0.0007087589920294901,0.010416111485746365,0.001953125,0.1787109375,0.14926920000000002
0.5,12,32,5,0.019423145586221935,0.0020579527005921694,0.0005027005113943939,0.0009765625,0.17138671875,0.154209
0.5,12,64,1,0.04415797590974435,0.0033042703079936286,0.008887309188565062,0.002685546875,0.33935546875,0.34088070000000004
0.5,12,64,2,0.050307133054362296,0.002466703799566705,0.008006892759573059,0.001953125,0.283447265625,0.312244
0.5,12,64,3,0.04256276570767881,0.000963962573461763,0.009951247037326083,0.002197265625,0.284423828125,0.3158425
0.5,12,64,4,0.01375418622036051,0.0018534739667099842,0.012524779536179892,0.001708984375,0.28759765625,0.2706836
0.5,12,64,5,0.09754165766944567,0.0016475332236848272,0.02869904023457498,0.00244140625,0.278076171875,0.3386651
0.5,12,128,1,0.011831394805620121,0.0013072627283082783,0.008533639113764369,0.003662109375,0.459716796875,0.6011622000000001
0.5,12,128,2,0.035309697334517054,0.0020890506727397895,0.005227054991023994,0.004638671875,0.4423828125,0.6545598
0.5,12,128,3,0.03628196359479041,0.0006387673771598434,0.01887050727261541,0.004150390625,0.486572265625,0.7300620000000001
0.5,12,128,4,0.03749950499894794,0.0010506430540222489,0.00812404474120898,0.00390625,0.4814453125,0.6622854
0.5,12,128,5,0.024409276384314893,0.0027364059831136434,0.0014940988992663828,0.003662109375,0.498779296875,0.6884749
0.5,12,256,1,0.007421887824534679,0.0006979702164713331,0.0017891613509719018,0.007080078125,0.6650390625,1.2079685
0.5,12,256,2,0.007554943145441584,0.0010746692001263325,0.001418390208374698,0.006591796875,0.677490234375,1.3274224000000001
0.5,12,256,3,0.01277139355554624,0.0011690409861527806,0.0015886338484097373,0.0078125,0.662841796875,1.2881347
0.5,12,256,4,0.008287923223797122,0.0002957334701606529,0.003341601395286997,0.006591796875,0.67822265625,1.3368028
0.5,12,256,5,0.01043281411373087,0.0024405721554869864,0.002331856939001953,0.008056640625,0.6845703125,1.3583457
0.5,12,512,1,0.005047092477024506,0.00046119299066904595,0.0011233970162125018,0.0087890625,0.82470703125,2.5027355
0.5,12,512,2,0.005095418028618681,0.0006663688903283393,0.0007520574319075379,0.009521484375,0.8525390625,2.5556738
0.5,12,512,3,0.005593897997499653,0.0008872854039583267,0.0005325541197935824,0.01025390625,0.8388671875,2.5667323
0.5,12,512,4,0.004669114619561654,0.00042783801282553213,0.0016933207874911815,0.009033203125,0.86083984375,2.5891006
0.5,12,512,5,0.0056554702051379024,9.749247044066323e-5,0.0030956764121136127,0.010498046875,0.838623046875,2.5654248
0.5,12,1024,1,0.0038312577331520714,0.0003520002315806625,0.0030435864068785734,0.00927734375,0.94921875,5.1459586
0.5,12,1024,2,0.004815288370634718,0.0003716257089856345,0.0011875469018927665,0.013427734375,0.94970703125,5.117633700000001
0.5,12,1024,3,0.003833396471792483,0.00059984923553702,0.00039938253583282624,0.013427734375,0.9521484375,5.0370375
0.5,12,1024,4,0.003746649423078452,0.00033061825332247885,0.0007578332535609911,0.0126953125,0.950439453125,5.127625
0.5,12,1024,5,0.0036996208300372757,0.00015944667130574075,0.0012065155666884375,0.0107421875,0.955078125,5.027694400000001
0.9,12,32,1,0.1972891009554143,0.0894090721334343,0.10554476583132899,0.0029296875,0.2158203125,0.20098080000000001
0.9,12,32,2,0.2279518866326793,0.0597440947262633,0.07375479717977718,0.00390625,0.2392578125,0.1973966
0.9,12,32,3,0.2226952794162429,0.056328007927384016,0.07744207464603142,0.004150390625,0.267822265625,0.2160678
0.9,12,32,4,0.28490960400205445,0.04331570807775087,0.06444904689541076,0.00341796875,0.259765625,0.2054204
0.9,12,32,5,0.22788882039420422,0.06174049697461281,0.07359969242054742,0.003662109375,0.255126953125,0.2116723
0.9,12,64,1,0.20965089827052985,0.0637432985280626,0.08945325854036007,0.00634765625,0.37353515625,0.417874
0.9,12,64,2,0.13705090602993053,0.048613569304314264,0.056041564085623774,0.004638671875,0.385986328125,0.4491027
0.9,12,64,3,0.13193664838619767,0.07123313648664287,0.07481286079082966,0.00732421875,0.4013671875,0.40081700000000003
0.9,12,64,4,0.1999436940533581,0.06252197967396089,0.07668984959569497,0.006103515625,0.37890625,0.4134235
0.9,12,64,5,0.21659957479820413,0.052937450899317784,0.07048808450736993,0.005126953125,0.412353515625,0.4336263
0.9,12,128,1,0.2464970311580803,0.03313826318213953,0.0509433490870318,0.010498046875,0.583984375,0.8879441
0.9,12,128,2,0.2604544155359889,0.000754595289766069,0.03008559546381262,0.012939453125,0.5927734375,0.8781182000000001
0.9,12,128,3,0.29931876458628537,0.029909150673532503,0.059256113597380256,0.010986328125,0.567138671875,0.8903189
0.9,12,128,4,0.19932443348223217,0.04173194274923131,0.05864920110912508,0.011474609375,0.601318359375,0.8679145
0.9,12,128,5,0.19898874793855725,0.016962272185085725,0.030944061192458516,0.013427734375,0.601318359375,0.8817339000000001
0.9,12,256,1,0.09533794626938352,0.007467051936896896,0.022344337352665944,0.022216796875,0.77392578125,1.6955110000000002
0.9,12,256,2,0.08430217977181442,0.009035984616082127,0.023866575903491283,0.024169921875,0.789794921875,1.7130056
0.9,12,256,3,0.06503398546167993,0.0075478625047087355,0.013582048114188505,0.02001953125,0.7724609375,1.7454945000000002
0.9,12,256,4,0.06003928786488366,0.005095366410156288,0.0004622801817084632,0.022705078125,0.7841796875,1.7848093
0.9,12,256,5,0.06131171572655347,0.0036728168735209454,0.011472637450836043,0.0224609375,0.7802734375,1.7426540000000001
0.9,12,512,1,0.015570255579049785,0.008267684501861994,0.004369151329727594,0.0361328125,0.9130859375,3.4734667000000004
0.9,12,512,2,0.019698718211181188,0.007602840145032097,0.003225727312228366,0.037841796875,0.91015625,3.5052263000000004
0.9,12,512,3,0.01806975115608367,0.006665771452272762,0.0011323285987335785,0.038818359375,0.91552734375,3.5034717000000004
0.9,12,512,4,0.01570233692446088,0.007151842681432097,0.0033592272140475776,0.037109375,0.908447265625,3.5737628000000004
0.9,12,512,5,0.01813376014845325,0.006205988597820844,0.0012843796240625815,0.036865234375,0.912109375,3.4575732
0.9,12,1024,1,0.007677922923486236,0.009710757990926133,0.0046396632118297365,0.0625,0.9775390625,6.7931352
0.9,12,1024,2,0.0075265459894051645,0.007273539799837581,0.002005440026270122,0.060302734375,0.981201171875,6.9071541000000005
0.9,12,1024,3,0.006499888921837282,0.010450315824775736,0.004782280584800014,0.062255859375,0.977294921875,6.8249953
0.9,12,1024,4,0.00687327083397804,0.008380965056738354,0.003650443589047647,0.0693359375,0.9765625,6.758131100000001
0.9,12,1024,5,0.00786020711390023,0.009582827949238149,0.00427941404326837,0.060546875,0.97607421875,6.717842900000001
1.5,12,32,1,3.7630296940810943,0.32310596831515725,0.3463746041941319,0.005859375,0.35791015625,0.2774653
1.5,12,32,2,NaN,NaN,NaN,0.005615234375,0.32373046875,0.293937
1.5,12,32,3,4.1730071550292465,0.28898799550041765,0.35629614462728876,0.004638671875,0.35498046875,0.2796941
1.5,12,32,4,7.373936042988911,0.003982763493165231,0.3632315727271973,0.0068359375,0.3291015625,0.2749122
1.5,12,32,5,2.993427008020298,0.33305485717290173,0.3089249697184979,0.00537109375,0.30859375,0.2427805
1.5,12,64,1,NaN,NaN,NaN,0.01025390625,0.489013671875,0.5155191
1.5,12,64,2,2.492982647053747,0.35094094554883914,0.31163268967925206,0.010498046875,0.51513671875,0.5350021
1.5,12,64,3,3.7853941159729594,0.3357527727569579,0.35865428057654003,0.0087890625,0.5283203125,0.5410726
1.5,12,64,4,3.8997794736866567,0.26237636452154045,0.36437933693835567,0.01025390625,0.532470703125,0.6340128
1.5,12,64,5,NaN,NaN,NaN,0.010498046875,0.5576171875,0.6207583
1.5,12,128,1,3.285387588911398,0.12595258611459426,0.26087558253747334,0.025146484375,0.78076171875,1.2135563
1.5,12,128,2,4.0867245549012114,0.08998812169604026,0.25064201401925024,0.022705078125,0.78662109375,1.2335964000000001
1.5,12,128,3,3.0790859409556113,0.0284639793482937,0.2147757576830519,0.02734375,0.795654296875,1.2629223
1.5,12,128,4,2.195534044495094,0.05931529937366087,0.15155547607793196,0.02734375,0.800048828125,1.3043162000000001
1.5,12,128,5,2.4827104449457984,0.0611075058142862,0.1726559034483759,0.0263671875,0.801025390625,1.2591537000000002
1.5,12,256,1,0.07725720756979726,0.009877650003910221,0.008649375196471354,0.054443359375,0.934814453125,2.5963284
1.5,12,256,2,0.07288150622715506,0.00029151925275799906,0.0034868387530708755,0.0556640625,0.931640625,2.5619058000000003
1.5,12,256,3,0.0917789289267823,0.004782628775954034,0.006592268388953326,0.05517578125,0.93603515625,2.5539691
1.5,12,256,4,0.08163364595903388,0.00327074816089834,0.007856199314977719,0.053955078125,0.932373046875,2.5395406
1.5,12,256,5,0.08495770848723794,0.00792354306062859,0.0097176704751607,0.05419921875,0.931884765625,2.572652
1.5,12,512,1,0.006864192658358803,0.0008293361842505176,0.00045851670830010516,0.098876953125,0.984130859375,5.0270733000000005
1.5,12,512,2,0.00469060541914601,0.000763395387873067,3.096100369948118e-5,0.09814453125,0.984130859375,5.1026395
1.5,12,512,3,0.0058184101594704885,8.618789996334142e-5,0.000208828826461116,0.1005859375,0.9814453125,5.087589100000001
1.5,12,512,4,0.00913750421980808,8.361123256267478e-5,0.0012077225215623155,0.09423828125,0.986328125,5.019733100000001
1.5,12,512,5,0.006489967697643095,0.0009757136093630492,0.0002452278522191431,0.096923828125,0.984619140625,5.138070900000001
1.5,12,1024,1,0.0020582506245148124,0.000345515757668835,0.00010498667143876705,0.178466796875,0.99853515625,9.788947100000001
1.5,12,1024,2,0.001765678936365589,0.00013894500020672496,1.1093622158675487e-5,0.1689453125,0.998291015625,9.866755900000001
1.5,12,1024,3,0.0023185270710648354,0.0002917711987102667,0.00035105073386465513,0.176513671875,0.99755859375,9.632608300000001
1.5,12,1024,4,0.0011277876402289166,0.00015701085089991906,0.0001368347510103396,0.176513671875,0.997314453125,9.5935012
1.5,12,1024,5,0.003928038984145843,0.0010304788243837848,0.000789646655914078,0.1767578125,0.998779296875,9.8055491
