N,h,J,hilbert_dim,coverage,unique_states,E_exact,E_gbt,E_error,abs_mz_exact,abs_mz_gbt,abs_mz_error,mz2_exact,mz2_gbt,mz2_error,mx_exact,mx_gbt,mx_error,runtime
8,0.25,1.0,256,0.0546875,14.0,-8.125499214731414,-8.118228675531945,0.007270539199469184,0.99196270223159,0.9917784992156848,0.00018420301590515997,0.986041578381843,0.9859267298254253,0.00011484855641774594,0.12601258755456454,0.12181870026169453,0.004193887292870013,1.4613659
8,0.5,1.0,256,0.078125,20.0,-8.509082235140273,-8.506665289275166,0.002416945865107323,0.9641123207090752,0.963712584280352,0.00039973642872315196,0.939548356922052,0.9392761967479779,0.00027216017407405424,0.2600619132918767,0.2594900962480147,0.0005718170438619996,1.6265158000000002
8,0.75,1.0,256,0.19140625,49.0,-9.18661509107819,-9.181840157835513,0.004774933242677193,0.8920023967936733,0.8901044532106022,0.00189794358307116,0.832138881041077,0.8306811403263608,0.0014577407147162713,0.4263864438631128,0.42633875405069876,4.7689812414042354e-5,1.9578190000000002
8,0.9,1.0,256,0.296875,76.0,-9.773287658015985,-9.77161001926452,0.0016776387514649826,0.8029480020561462,0.8023868317766331,0.0005611702795131901,0.7133166770108299,0.713209604161057,0.00010707284977284903,0.5541008426196653,0.553491828884788,0.0006090137348773172,2.1861172
8,1.0,1.0,256,0.41015625,105.0,-10.251661790966025,-10.250914074340416,0.0007477166256091294,0.7268469399078367,0.7253175857460519,0.0015293541617847906,0.617523455967274,0.6161470048857123,0.0013764510815617026,0.64072886193538,0.6419222152344553,0.0011933532990752171,2.3105921
8,1.1,1.0,256,0.50390625,129.0,-10.795267672374697,-10.795041058479722,0.00022661389497535822,0.6514423667434686,0.6511177815611697,0.00032458518229883104,0.5260179600080404,0.5258032816609763,0.00021467834706401234,0.7156629331599705,0.7158097576517026,0.00014682449173208934,2.4237898
8,1.25,1.0,256,0.55859375,143.0,-11.706505570546504,-11.706351266904793,0.00015430364171109545,0.5599313399198114,0.559925031568443,6.308351368389253e-6,0.41881059272547316,0.41888137191282593,7.077918735276523e-5,0.7970578061226369,0.7969872164684841,7.058965415274177e-5,2.5897300000000003
8,1.5,1.0,256,0.65234375,167.0,-13.385005233150762,-13.384781719790158,0.0002235133606038886,0.4677203098219716,0.46761278837051856,0.00010752145145304093,0.31526313456635185,0.3152069567599854,5.617780636646419e-5,0.8722858606428524,0.8722696097202693,1.6250922583060934e-5,2.7414951000000003
8,2.0,1.0,256,0.74609375,191.0,-17.018164470280553,-17.018153235097934,1.1235182618918316e-5,0.3895069985309504,0.3895017627063829,5.235824567462188e-6,0.23226547003673925,0.23226115839061548,4.311646123772439e-6,0.933604322746596,0.9336022462505883,2.076496007696882e-6,2.8930605000000003
10,0.25,1.0,1024,0.0166015625,17.0,-10.156870300565146,-10.154133207084092,0.002737093481053776,0.9919649824079249,0.9915040113781792,0.0004609710297456271,0.9856346183015594,0.9849844292530393,0.0006501890485201001,0.12600090974586642,0.12664428831992827,0.0006433785740618536,1.8118928
10,0.5,1.0,1024,0.0302734375,31.0,-10.635604409347968,-10.632010566590862,0.003593842757105392,0.9645313076557446,0.9644230880537259,0.00010821960201867764,0.9381649042262565,0.9384348638838509,0.00026995965759435414,0.2589695682343984,0.2574673305036361,0.0015022377307622459,2.0082590000000002
10,0.75,1.0,1024,0.0556640625,57.0,-11.472139864780756,-11.460924197085914,0.011215667694841613,0.8955646223274114,0.8941417279871924,0.0014228943402190275,0.8309829576368939,0.8303402876333377,0.0006426700035562227,0.41816568046017527,0.41616071744177274,0.002004963018402528,2.4608914
10,0.9,1.0,1024,0.109375,112.0,-12.191868976216137,-12.186136965148528,0.005732011067609122,0.7994582000369584,0.7971567297768326,0.0023014702601258374,0.7007397729813944,0.6985905507319371,0.00214922224945735,0.5461712815020586,0.5475153637037338,0.0013440822016751452,2.7662233
10,1.0,1.0,1024,0.158203125,162.0,-12.784906442999324,-12.78071582244544,0.004190620553883306,0.7072209347012979,0.7054523227274454,0.0017686119738524742,0.585310258401984,0.5841422198936487,0.0011680385083353562,0.639245322149963,0.6396597506176115,0.0004144284676484977,3.1739237
10,1.1,1.0,1024,0.2080078125,213.0,-13.466098390454933,-13.463801828175006,0.002296562279926917,0.6145121054270982,0.6121335761711546,0.0023785292559436177,0.4748726118206132,0.4727616702533534,0.002110941567259772,0.7199311344578956,0.7211220832147478,0.001190948756852217,3.3812668
10,1.25,1.0,1024,0.2568359375,263.0,-14.613669649551014,-14.611825401772679,0.0018442477783349176,0.509993965887363,0.5102285501734438,0.00023458428608080784,0.35596019585118777,0.3563220810511549,0.0003618851999671602,0.8030199835505818,0.8025910971381067,0.0004288864124750713,3.6769345
10,1.5,1.0,1024,0.2998046875,307.0,-16.723024913948418,-16.72245002739439,0.0005748865540269321,0.4176860731795053,0.41723682322400446,0.00044924995550083,0.2565542087663362,0.25611162411546157,0.0004425846508746556,0.8752422808593929,0.8754543811273657,0.00021210026797280346,3.9102122
10,2.0,1.0,1024,0.3408203125,349.0,-21.27120881869594,-21.27032972633298,0.0008790923629575786,0.34731265295752023,0.34756999957918483,0.0002573466216646003,0.1861531488217024,0.18639963737150922,0.0002464885498068281,0.934075656817605,0.9338218274675765,0.0002538293500284894,4.2003330000000005
12,0.25,1.0,4096,0.003662109375,15.0,-12.1882441639767,-12.18561755502793,0.0026266089487698707,0.9919651284144692,0.9916299915281926,0.0003351368862765103,0.9853614821451205,0.9848746786890618,0.00048680345605878195,0.1260002643081239,0.12619063752551035,0.00019037321738646362,2.1916258
12,0.5,1.0,4096,0.0087890625,36.0,-12.762569151024048,-12.758156765163605,0.004412385860442569,0.9646408478053441,0.9646143274110761,2.6520394267981473e-5,0.9370174877067884,0.9373207532093695,0.00030326550258108487,0.2587286437138984,0.2566759399864339,0.002052703727464522,2.4933101
12,0.75,1.0,4096,0.02001953125,82.0,-13.761489542178888,-13.742892430996799,0.018597111182089066,0.8980146573242145,0.8944458154701644,0.003568841854050042,0.8300545669886736,0.8270833212747539,0.0029712457139197124,0.41399676631274035,0.41292388699588994,0.0010728793168504058,2.9925139
12,0.9,1.0,4096,0.03955078125,162.0,-14.61514214689526,-14.599726775050296,0.015415371844962777,0.7984496650773127,0.793939258818125,0.004510406259187749,0.6931019581747214,0.6891660559863041,0.003935902188417328,0.5405604500827433,0.5391509756165155,0.0014094744662278558,3.4497352
12,1.0,1.0,4096,0.05419921875,222.0,-15.322595151080776,-15.312576019673326,0.010019131407450033,0.691509882858372,0.6854818002594806,0.006028082598891427,0.5601078308105674,0.5542165027226981,0.005891328087869296,0.6384414646283105,0.6406258288976979,0.0021843642693873955,3.9570889000000005
12,1.1,1.0,4096,0.072509765625,297.0,-16.142048984859013,-16.13368743266484,0.008361552194173782,0.5825048485809853,0.578998571212703,0.00350627736828224,0.43267915048973565,0.4290980185038996,0.003581131985836039,0.7234903136212998,0.7256346042898467,0.002144290668546933,4.2614319
12,1.25,1.0,4096,0.08837890625,362.0,-17.52643061789097,-17.520749416763227,0.005681201127742952,0.46912366896673274,0.469053633306634,7.003566009872175e-5,0.3073708942867942,0.30750385713962897,0.0001329628528347615,0.8067165070568916,0.8059584643671001,0.000758042689791516,4.6623932
12,1.5,1.0,4096,0.09814453125,402.0,-20.064624685045146,-20.056839630142097,0.007785054903049371,0.3799913635209745,0.3800083439594816,1.6980438507063766e-5,0.2152716148471737,0.215222434178115,4.918066905867935e-5,0.8764626452158604,0.8757197352909826,0.0007429099248777993,5.011592
12,2.0,1.0,4096,0.10986328125,450.0,-25.525138302048088,-25.514850693554905,0.010287608493182887,0.31640535537334036,0.31776118202516895,0.0013558266518285955,0.1551914776914095,0.1563971987445632,0.0012057210531536966,0.9341831073950695,0.9330481165855213,0.0011349908095481531,5.2976608
